Workbook

Sheet Students Number
A1: Veritas | B1: PTK | C1: SJK(C) Tung hua | D1: SJK(C) Chung hua | E1: SJK(C) Chung Sing | F1: SJK(C) Su Lai | G1: SMK Sacred Heart | H1: Woodlands | I1: SJK(C) Thai Kwang | J1: Suspened | K1: Total
A2: =COUNTIFS('CBK Students'!C:C, "Active", 'CBK Students'!G:G, "Veritas") -> 138 | B2: =COUNTIFS('CBK Students'!C:C, "Active", 'CBK Students'!G:G, "Pusat Tuisyen Kampus") -> 6 | C2: =COUNTIFS('CBK Students'!C:C, "Active", 'CBK Students'!G:G, "SJK(C) Tung Hua") -> 19 | D2: =COUNTIFS('CBK Students'!C:C, "Active", 'CBK Students'!G:G, "SJK(C) Chung Hua") -> 6 | E2: =COUNTIFS('CBK Students'!C:C, "Active", 'CBK Students'!G:G, "SJK(C) Chung Sing") -> 6 | F2: =COUNTIFS('CBK Students'!C:C, "Active", 'CBK Students'!G:G, "SJK(C) Su Lai") -> 10 | G2: =COUNTIFS('CBK Students'!C:C, "Active", 'CBK Students'!G:G, "SMK Sacred Heart") -> 4 | H2: =COUNTIFS('CBK Students'!C:C, "Active", 'CBK Students'!G:G, "Woodlands") -> 3 | I2: =COUNTIFS('CBK Students'!C:C, "Active", 'CBK Students'!G:G, "SJK(C) Thai Kwang") -> 37 | J2: =COUNTIFS('CBK Students'!C:C, "Suspended") -> 7 | K2: =SUM(A2:I2) -> 229
A4: Monday | B4: Wednesday | C4: Thursday | D4: Saturday (9-10) | E4: Saturday (10-11) | F4: Saturday (11-12) | G4: Saturday (2-3) | H4: Saturday (3-4) | I4: Saturday (4-5)
A5: =COUNTIFS('CBK Students'!F:F, "1 Mon 7:30-8:30pm",'CBK Students'!C:C, "Active") -> 20 | B5: =COUNTIFS('CBK Students'!F:F, "2 Wed 7:30-8:30pm",'CBK Students'!C:C, "Active") -> 24 | C5: =COUNTIFS('CBK Students'!F:F, "3 Thu 7:30-8:30pm",'CBK Students'!C:C, "Active") -> 2 | D5: =COUNTIFS('CBK Students'!F:F, "4 Sat 9:00-10:00am",'CBK Students'!C:C, "Active") -> 12 | E5: =COUNTIFS('CBK Students'!F:F, "5 Sat 10:00-11:00am",'CBK Students'!C:C, "Active") -> 15 | F5: =COUNTIFS('CBK Students'!F:F, "6 Sat 11:00-12:00pm",'CBK Students'!C:C, "Active") -> 23 | G5: =COUNTIFS('CBK Students'!F:F, "7 Sat 2:00-3:00pm",'CBK Students'!C:C, "Active") -> 21 | H5: =COUNTIFS('CBK Students'!F:F, "8 Sat 3:00-4:00pm",'CBK Students'!C:C, "Active") -> 8 | I5: =COUNTIFS('CBK Students'!F:F, "9 Sat 4:00-5:00pm",'CBK Students'!C:C, "Active") -> 13
A9: Month (2026) | B9: March | C9: April | D9: May | E9: Jun | F9: Jul | G9: Aug | H9: Sep | I9: Oct | J9: Nov | K9: Dec
A10: Current Student Number | B10: =COUNTIFS( 'CBK Students'!D:D,"<"&DATE(2026,4,1), 'CBK Students'!C:C,"<>Inactive", 'CBK Students'!C:C,"<>Suspended" ) -> 187 | C10: =COUNTIFS( 'CBK Students'!D:D,"<"&DATE(2026,5,1), 'CBK Students'!C:C,"<>Inactive", 'CBK Students'!C:C,"<>Suspended" ) -> 229 | D10: =COUNTIFS( 'CBK Students'!D:D,"<"&DATE(2026,6,1), 'CBK Students'!C:C,"<>Inactive", 'CBK Students'!C:C,"<>Suspended" ) -> 229 | E10: =COUNTIFS( 'CBK Students'!D:D,"<"&DATE(2026,7,1), 'CBK Students'!C:C,"<>Inactive", 'CBK Students'!C:C,"<>Suspended" ) -> 229 | F10: =COUNTIFS( 'CBK Students'!D:D,"<"&DATE(2026,8,1), 'CBK Students'!C:C,"<>Inactive", 'CBK Students'!C:C,"<>Suspended" ) -> 229 | G10: =COUNTIFS( 'CBK Students'!D:D,"<"&DATE(2026,9,1), 'CBK Students'!C:C,"<>Inactive", 'CBK Students'!C:C,"<>Suspended" ) -> 229 | H10: =COUNTIFS( 'CBK Students'!D:D,"<"&DATE(2026,10,1), 'CBK Students'!C:C,"<>Inactive", 'CBK Students'!C:C,"<>Suspended" ) -> 229 | I10: =COUNTIFS( 'CBK Students'!D:D,"<"&DATE(2026,11,1), 'CBK Students'!C:C,"<>Inactive", 'CBK Students'!C:C,"<>Suspended" ) -> 229 | J10: =COUNTIFS( 'CBK Students'!D:D,"<"&DATE(2026,12,1), 'CBK Students'!C:C,"<>Inactive", 'CBK Students'!C:C,"<>Suspended" ) -> 229 | K10: =COUNTIFS( 'CBK Students'!D:D,"<"&DATE(2027,1,1), 'CBK Students'!C:C,"<>Inactive", 'CBK Students'!C:C,"<>Suspended" ) -> 229
A11: New Students | B11: =COUNTIFS('CBK Students'!D:D,">="&DATE(2026,3,1),'CBK Students'!D:D,"<"&DATE(2026,4,1)) -> 20 | C11: =COUNTIFS('CBK Students'!D:D,">="&DATE(2026,4,1),'CBK Students'!D:D,"<"&DATE(2026,5,1)) -> 44 | D11: =COUNTIFS('CBK Students'!D:D,">="&DATE(2026,5,1),'CBK Students'!D:D,"<"&DATE(2026,6,1)) -> 0 | E11: =COUNTIFS('CBK Students'!D:D,">="&DATE(2026,6,1),'CBK Students'!D:D,"<"&DATE(2026,7,1)) -> 0 | F11: =COUNTIFS('CBK Students'!D:D,">="&DATE(2026,7,1),'CBK Students'!D:D,"<"&DATE(2026,8,1)) -> 0 | G11: =COUNTIFS('CBK Students'!D:D,">="&DATE(2026,8,1),'CBK Students'!D:D,"<"&DATE(2026,9,1)) -> 0 | H11: =COUNTIFS('CBK Students'!D:D,">="&DATE(2026,9,1),'CBK Students'!D:D,"<"&DATE(2026,10,1)) -> 0 | I11: =COUNTIFS('CBK Students'!D:D,">="&DATE(2026,10,1),'CBK Students'!D:D,"<"&DATE(2026,11,1)) -> 0 | J11: =COUNTIFS('CBK Students'!D:D,">="&DATE(2026,11,1),'CBK Students'!D:D,"<"&DATE(2026,12,1)) -> 0 | K11: =COUNTIFS('CBK Students'!D:D,">="&DATE(2026,12,1),'CBK Students'!D:D,"<"&DATE(2027,1,1)) -> 0
A12: Student Quit | B12: =COUNTIFS('CBK Students'!E:E,">="&DATE(2026,3,1),'CBK Students'!E:E,"<"&DATE(2026,4,1)) -> 10 | C12: =COUNTIFS('CBK Students'!E:E,">="&DATE(2026,4,1),'CBK Students'!E:E,"<"&DATE(2026,5,1)) -> 4 | D12: =COUNTIFS('CBK Students'!E:E,">="&DATE(2026,5,1),'CBK Students'!E:E,"<"&DATE(2026,6,1)) -> 0 | E12: =COUNTIFS('CBK Students'!E:E,">="&DATE(2026,6,1),'CBK Students'!E:E,"<"&DATE(2026,7,1)) -> 0 | F12: =COUNTIFS('CBK Students'!E:E,">="&DATE(2026,7,1),'CBK Students'!E:E,"<"&DATE(2026,8,1)) -> 0 | G12: =COUNTIFS('CBK Students'!E:E,">="&DATE(2026,8,1),'CBK Students'!E:E,"<"&DATE(2026,9,1)) -> 0 | H12: =COUNTIFS('CBK Students'!E:E,">="&DATE(2026,9,1),'CBK Students'!E:E,"<"&DATE(2026,10,1)) -> 0 | I12: =COUNTIFS('CBK Students'!E:E,">="&DATE(2026,10,1),'CBK Students'!E:E,"<"&DATE(2026,11,1)) -> 0 | J12: =COUNTIFS('CBK Students'!E:E,">="&DATE(2026,11,1),'CBK Students'!E:E,"<"&DATE(2026,12,1)) -> 0 | K12: =COUNTIFS('CBK Students'!E:E,">="&DATE(2026,12,1),'CBK Students'!E:E,"<"&DATE(2027,1,1)) -> 0
B14: Marcus Tiang Tew Hann | C14: Gavin Tiong Hai Liang
B15: Mercury Wong Lun Chein | C15: Jee Wyn Swan
B16: Adrian Tong Duo You | C16: Kathlyn Wong
B17: Adam Naqiudin Ahmad bin Saziran | C17: Louis Wong
B18: Zion Shi Nian Xi
B19: David Kee Zu Guo
B20: Jolene Kee Zu Lin
B21: Wong Jing Shang
B22: Wong Jing Yu
B23: Wong Jing Xiu

Sheet CBK Students
A1: No | B1: Student Name | C1: Status | D1: Date Active | E1: Date Deactivated | F1: Timeslot | G1: Location | H1: Mentor | I1: Date Activated | J1: Current Course | K1: Reflected | L1: Issue | M1: Week Since Course Started | N1: Previous Course | O1: Remark | P1: History Log | Q1: No Problem | R1: Estimated End | S1: Jun Showcase | T1: Whatsapp Group Name | U1: 2025 Update # | V1: Jan Update # | W1: Feb Update # | X1: Mar Update | Y1: Apr Update | Z1: # | AA1: 2026 Update #
A2: 36 | B2: Jane Wong Xin Yue | C2: Active | D2: 44568 | F2: 1 Mon 7:30-8:30pm | G2: Veritas | H2: Damian | I2: 45859 | J2: Game Development | K2: TRUE | M2: =INT((TODAY() - I2) / 7) -> 38 | O2: =IFERROR(__xludf.DUMMYFUNCTION("IFERROR( TEXT( MAX(FILTER(Remark!A:A, TRIM(Remark!B:B) = TRIM(B2))), ""dd/mm/yyyy"" ) & "" - "" & FILTER( Remark!C:C, TRIM(Remark!B:B) = TRIM(B2), Remark!A:A = MAX(FILTER(Remark!A:A, TRIM(Remark!B:B) = TRIM(B2))) ), """" )"),"") | P2: =IFERROR(__xludf.DUMMYFUNCTION("TEXTJOIN(CHAR(10), TRUE, IFERROR( FILTER(TEXT(Remark!A:A, ""dd/mm/yyyy"") & "" - "" & Remark!C:C, TRIM(Remark!B:B) = TRIM(B2)), """" ))"),"") | Q2: =IFERROR(__xludf.DUMMYFUNCTION("IFERROR( FILTER( Remark!D:D, Remark!A:A = MAX(FILTER(Remark!A:A, TRIM(Remark!B:B) = TRIM(B2))) ), """" )"),"") | R2: =IFS(M2<=30, "Learning", AND(M2>30, M2<=40),"Starting Final Project", M2>40, "Prepare for Showcase") -> Starting Final Project | T2: Joanna/Jane/Janice - Chumbaka | U2: 2 | V2: 1 | W2: 1 | X2: 1 | Y2: 1 | AA2: =sum(V2:Z2) -> 4
A3: 99 | B3: Aidan Siaw Min Le | C3: Active | D3: 44869 | F3: 1 Mon 7:30-8:30pm | G3: Veritas | H3: Damian | I3: 45717 | J3: 3D Design for AR and VR | K3: TRUE | L3: Changing Timeslot | M3: =INT((TODAY() - I3) / 7) -> 59 | O3: =IFERROR(__xludf.DUMMYFUNCTION("IFERROR( TEXT( MAX(FILTER(Remark!A:A, TRIM(Remark!B:B) = TRIM(B3))), ""dd/mm/yyyy"" ) & "" - "" & FILTER( Remark!C:C, TRIM(Remark!B:B) = TRIM(B3), Remark!A:A = MAX(FILTER(Remark!A:A, TRIM(Remark!B:B) = TRIM(B3))) ), """" )"),"24/09/2025 - [Caleb] It was a bit dragging because the method inside the LMS no longer works and now requires a subscription fee. Aidan is having issues with using his phone in class. In my view, the mentor should have informed the parents earlier, even t"&"hough we are already working on helping him improve this.") -> 24/09/2025 - [Caleb] It was a bit dragging because the method inside the LMS no longer works and now requires a subscription fee. Aidan is having issues with using his phone in class. In my view, the mentor should have informed the parents earlier, even though we are already working on helping him improve this. | P3: =IFERROR(__xludf.DUMMYFUNCTION("TEXTJOIN(CHAR(10), TRUE, IFERROR( FILTER(TEXT(Remark!A:A, ""dd/mm/yyyy"") & "" - "" & Remark!C:C, TRIM(Remark!B:B) = TRIM(B3)), """" ))"),"24/09/2025 - [Caleb] It was a bit dragging because the method inside the LMS no longer works and now requires a subscription fee. Aidan is having issues with using his phone in class. In my view, the mentor should have informed the parents earlier, even t"&"hough we are already working on helping him improve this.") -> 24/09/2025 - [Caleb] It was a bit dragging because the method inside the LMS no longer works and now requires a subscription fee. Aidan is having issues with using his phone in class. In my view, the mentor should have informed the parents earlier, even though we are already working on helping him improve this. | Q3: =IFERROR(__xludf.DUMMYFUNCTION("IFERROR( FILTER( Remark!D:D, Remark!A:A = MAX(FILTER(Remark!A:A, TRIM(Remark!B:B) = TRIM(B3))) ), """" )"),"No") -> No | R3: =IFS(M3<=30, "Learning", AND(M3>30, M3<=40),"Starting Final Project", M3>40, "Prepare for Showcase") -> Prepare for Showcase | S3: TRUE | T3: Aidan Siaw - CHUMBAKA | U3: 2 | V3: 1 | X3: 1 | Y3: 1 | AA3: =sum(V3:Z3) -> 3
A4: 271 | B4: Elina Kong Zhe En | C4: Active | D4: 45503 | F4: 1 Mon 7:30-8:30pm | G4: Veritas | H4: Damian | I4: 45960 | J4: Game Development | K4: TRUE | L4: Changing Timeslot | M4: =INT((TODAY() - I4) / 7) -> 24 | O4: =IFERROR(__xludf.DUMMYFUNCTION("IFERROR( TEXT( MAX(FILTER(Remark!A:A, TRIM(Remark!B:B) = TRIM(B4))), ""dd/mm/yyyy"" ) & "" - "" & FILTER( Remark!C:C, TRIM(Remark!B:B) = TRIM(B4), Remark!A:A = MAX(FILTER(Remark!A:A, TRIM(Remark!B:B) = TRIM(B4))) ), """" )"),"") | P4: =IFERROR(__xludf.DUMMYFUNCTION("TEXTJOIN(CHAR(10), TRUE, IFERROR( FILTER(TEXT(Remark!A:A, ""dd/mm/yyyy"") & "" - "" & Remark!C:C, TRIM(Remark!B:B) = TRIM(B4)), """" ))"),"") | Q4: =IFERROR(__xludf.DUMMYFUNCTION("IFERROR( FILTER( Remark!D:D, Remark!A:A = MAX(FILTER(Remark!A:A, TRIM(Remark!B:B) = TRIM(B4))) ), """" )"),"") | R4: =IFS(M4<=30, "Learning", AND(M4>30, M4<=40),"Starting Final Project", M4>40, "Prepare for Showcase") -> Learning | T4: Elina Kong(TH) - Chumbaka | U4: 1 | W4: 1 | X4: 2 | Y4: 1 | AA4: =sum(V4:Z4) -> 4
A5: 273 | B5: Eileen Wong Hui Qing | C5: Active | D5: 45504 | F5: 1 Mon 7:30-8:30pm | G5: Veritas | H5: Damian | I5: 45967 | J5: Game Development | K5: TRUE | L5: Changing Timeslot, Changing Mentor | M5: =INT((TODAY() - I5) / 7) -> 23 | O5: =IFERROR(__xludf.DUMMYFUNCTION("IFERROR( TEXT( MAX(FILTER(Remark!A:A, TRIM(Remark!B:B) = TRIM(B5))), ""dd/mm/yyyy"" ) & "" - "" & FILTER( Remark!C:C, TRIM(Remark!B:B) = TRIM(B5), Remark!A:A = MAX(FILTER(Remark!A:A, TRIM(Remark!B:B) = TRIM(B5))) ), """" )"),"") | P5: =IFERROR(__xludf.DUMMYFUNCTION("TEXTJOIN(CHAR(10), TRUE, IFERROR( FILTER(TEXT(Remark!A:A, ""dd/mm/yyyy"") & "" - "" & Remark!C:C, TRIM(Remark!B:B) = TRIM(B5)), """" ))"),"") | Q5: =IFERROR(__xludf.DUMMYFUNCTION("IFERROR( FILTER( Remark!D:D, Remark!A:A = MAX(FILTER(Remark!A:A, TRIM(Remark!B:B) = TRIM(B5))) ), """" )"),"") | R5: =IFS(M5<=30, "Learning", AND(M5>30, M5<=40),"Starting Final Project", M5>40, "Prepare for Showcase") -> Learning | T5: Eileen/Eunice (TH) - Chumbaka | U5: 1 | V5: 1 | W5: 1 | X5: 1 | Y5: 1 | AA5: =sum(V5:Z5) -> 4
A6: 132 | B6: Jabez Huan Ngieng Hung | C6: Active | D6: 45083 | F6: 1 Mon 7:30-8:30pm | G6: Veritas | H6: Enouch | I6: 45768 | J6: Physical Computing | K6: TRUE | M6: =INT((TODAY() - I6) / 7) -> 51 | O6: =IFERROR(__xludf.DUMMYFUNCTION("IFERROR( TEXT( MAX(FILTER(Remark!A:A, TRIM(Remark!B:B) = TRIM(B6))), ""dd/mm/yyyy"" ) & "" - "" & FILTER( Remark!C:C, TRIM(Remark!B:B) = TRIM(B6), Remark!A:A = MAX(FILTER(Remark!A:A, TRIM(Remark!B:B) = TRIM(B6))) ), """" )"),"08/10/2025 - [Caleb] The student has a special condition, which causes a slower learning pace compared to other students. However, there has been significant improvement — previously, it was difficult for him to express his needs, but now he is able to co"&"mmunicate more clearly. Mentor is advised to continue challenging him to maintain consistent progress and to set a clear timeline each time he moves on to a new page.") -> 08/10/2025 - [Caleb] The student has a special condition, which causes a slower learning pace compared to other students. However, there has been significant improvement — previously, it was difficult for him to express his needs, but now he is able to communicate more clearly. Mentor is advised to continue challenging him to maintain consistent progress and to set a clear timeline each time he moves on to a new page. | P6: =IFERROR(__xludf.DUMMYFUNCTION("TEXTJOIN(CHAR(10), TRUE, IFERROR( FILTER(TEXT(Remark!A:A, ""dd/mm/yyyy"") & "" - "" & Remark!C:C, TRIM(Remark!B:B) = TRIM(B6)), """" ))"),"08/10/2025 - [Caleb] The student has a special condition, which causes a slower learning pace compared to other students. However, there has been significant improvement — previously, it was difficult for him to express his needs, but now he is able to co"&"mmunicate more clearly. Mentor is advised to continue challenging him to maintain consistent progress and to set a clear timeline each time he moves on to a new page.") -> 08/10/2025 - [Caleb] The student has a special condition, which causes a slower learning pace compared to other students. However, there has been significant improvement — previously, it was difficult for him to express his needs, but now he is able to communicate more clearly. Mentor is advised to continue challenging him to maintain consistent progress and to set a clear timeline each time he moves on to a new page. | Q6: =IFERROR(__xludf.DUMMYFUNCTION("IFERROR( FILTER( Remark!D:D, Remark!A:A = MAX(FILTER(Remark!A:A, TRIM(Remark!B:B) = TRIM(B6))) ), """" )"),"Yes") -> Yes | R6: =IFS(M6<=30, "Learning", AND(M6>30, M6<=40),"Starting Final Project", M6>40, "Prepare for Showcase") -> Prepare for Showcase | S6: TRUE | T6: Jabez - CHUMBAKA | U6: 3 | X6: 1 | AA6: =sum(V6:Z6) -> 1
A7: 186 | B7: Lucas Lau Yee Ming | C7: Active | D7: 45201 | F7: 1 Mon 7:30-8:30pm | G7: Veritas | H7: Enouch | I7: 45542 | J7: Physical Computing | K7: TRUE | M7: =INT((TODAY() - I7) / 7) -> 84 | O7: =IFERROR(__xludf.DUMMYFUNCTION("IFERROR( TEXT( MAX(FILTER(Remark!A:A, TRIM(Remark!B:B) = TRIM(B7))), ""dd/mm/yyyy"" ) & "" - "" & FILTER( Remark!C:C, TRIM(Remark!B:B) = TRIM(B7), Remark!A:A = MAX(FILTER(Remark!A:A, TRIM(Remark!B:B) = TRIM(B7))) ), """" )"),"") | P7: =IFERROR(__xludf.DUMMYFUNCTION("TEXTJOIN(CHAR(10), TRUE, IFERROR( FILTER(TEXT(Remark!A:A, ""dd/mm/yyyy"") & "" - "" & Remark!C:C, TRIM(Remark!B:B) = TRIM(B7)), """" ))"),"") | Q7: =IFERROR(__xludf.DUMMYFUNCTION("IFERROR( FILTER( Remark!D:D, Remark!A:A = MAX(FILTER(Remark!A:A, TRIM(Remark!B:B) = TRIM(B7))) ), """" )"),"") | R7: =IFS(M7<=30, "Learning", AND(M7>30, M7<=40),"Starting Final Project", M7>40, "Prepare for Showcase") -> Prepare for Showcase | S7: TRUE | T7: Lucas/Marcus - Chumbaka | U7: 4 | V7: 1 | X7: 1 | AA7: =sum(V7:Z7) -> 2
A8: 274 | B8: Clexter Cheng Kwong Yong | C8: Active | D8: 45509 | F8: 1 Mon 7:30-8:30pm | G8: Veritas | H8: Enouch | I8: 45642 | J8: Physical Computing | K8: TRUE | M8: =INT((TODAY() - I8) / 7) -> 69 | O8: =IFERROR(__xludf.DUMMYFUNCTION("IFERROR( TEXT( MAX(FILTER(Remark!A:A, TRIM(Remark!B:B) = TRIM(B8))), ""dd/mm/yyyy"" ) & "" - "" & FILTER( Remark!C:C, TRIM(Remark!B:B) = TRIM(B8), Remark!A:A = MAX(FILTER(Remark!A:A, TRIM(Remark!B:B) = TRIM(B8))) ), """" )"),"") | P8: =IFERROR(__xludf.DUMMYFUNCTION("TEXTJOIN(CHAR(10), TRUE, IFERROR( FILTER(TEXT(Remark!A:A, ""dd/mm/yyyy"") & "" - "" & Remark!C:C, TRIM(Remark!B:B) = TRIM(B8)), """" ))"),"") | Q8: =IFERROR(__xludf.DUMMYFUNCTION("IFERROR( FILTER( Remark!D:D, Remark!A:A = MAX(FILTER(Remark!A:A, TRIM(Remark!B:B) = TRIM(B8))) ), """" )"),"") | R8: =IFS(M8<=30, "Learning", AND(M8>30, M8<=40),"Starting Final Project", M8>40, "Prepare for Showcase") -> Prepare for Showcase | S8: TRUE | T8: Clexter/Hillary - Chumbaka | U8: 6 | V8: 1 | X8: 1 | Y8: 1 | AA8: =sum(V8:Z8) -> 3
A9: 275 | B9: Hillary Yong | C9: Active | D9: 45509 | F9: 1 Mon 7:30-8:30pm | G9: Veritas | H9: Enouch | I9: 45670 | J9: Physical Computing | K9: TRUE | M9: =INT((TODAY() - I9) / 7) -> 65 | O9: =IFERROR(__xludf.DUMMYFUNCTION("IFERROR( TEXT( MAX(FILTER(Remark!A:A, TRIM(Remark!B:B) = TRIM(B9))), ""dd/mm/yyyy"" ) & "" - "" & FILTER( Remark!C:C, TRIM(Remark!B:B) = TRIM(B9), Remark!A:A = MAX(FILTER(Remark!A:A, TRIM(Remark!B:B) = TRIM(B9))) ), """" )"),"") | P9: =IFERROR(__xludf.DUMMYFUNCTION("TEXTJOIN(CHAR(10), TRUE, IFERROR( FILTER(TEXT(Remark!A:A, ""dd/mm/yyyy"") & "" - "" & Remark!C:C, TRIM(Remark!B:B) = TRIM(B9)), """" ))"),"") | Q9: =IFERROR(__xludf.DUMMYFUNCTION("IFERROR( FILTER( Remark!D:D, Remark!A:A = MAX(FILTER(Remark!A:A, TRIM(Remark!B:B) = TRIM(B9))) ), """" )"),"") | R9: =IFS(M9<=30, "Learning", AND(M9>30, M9<=40),"Starting Final Project", M9>40, "Prepare for Showcase") -> Prepare for Showcase | S9: TRUE | T9: Clexter/Hillary - Chumbaka | U9: 4 | V9: 1 | X9: 1 | Y9: 1 | AA9: =sum(V9:Z9) -> 3
A10: 342 | B10: Janice Wong Xiao Yue | C10: Active | D10: 45740 | F10: 1 Mon 7:30-8:30pm | G10: Veritas | H10: Evelyn | I10: 46125 | J10: Creative Computing | K10: TRUE | L10: Changing Timeslot | M10: =INT((TODAY() - I10) / 7) -> 0 | N10: Digital Animation Showcase | O10: =IFERROR(__xludf.DUMMYFUNCTION("IFERROR( TEXT( MAX(FILTER(Remark!A:A, TRIM(Remark!B:B) = TRIM(B10))), ""dd/mm/yyyy"" ) & "" - "" & FILTER( Remark!C:C, TRIM(Remark!B:B) = TRIM(B10), Remark!A:A = MAX(FILTER(Remark!A:A, TRIM(Remark!B:B) = TRIM(B10))) ), """" )"),"") | P10: =IFERROR(__xludf.DUMMYFUNCTION("TEXTJOIN(CHAR(10), TRUE, IFERROR( FILTER(TEXT(Remark!A:A, ""dd/mm/yyyy"") & "" - "" & Remark!C:C, TRIM(Remark!B:B) = TRIM(B10)), """" ))"),"") | Q10: =IFERROR(__xludf.DUMMYFUNCTION("IFERROR( FILTER( Remark!D:D, Remark!A:A = MAX(FILTER(Remark!A:A, TRIM(Remark!B:B) = TRIM(B10))) ), """" )"),"") | R10: =IFS(M10<=30, "Learning", AND(M10>30, M10<=40),"Starting Final Project", M10>40, "Prepare for Showcase") -> Learning | S10: TRUE | T10: Joanna/Jane/Janice - Chumbaka | U10: 2 | V10: 1 | X10: 1 | Y10: 1 | AA10: =sum(V10:Z10) -> 3
A11: 394 | B11: Kyan Ling Tian Xiang | C11: Active | D11: 45869 | F11: 1 Mon 7:30-8:30pm | G11: Veritas | H11: Evelyn | I11: 46055 | J11: Creative Computing | K11: TRUE | M11: =INT((TODAY() - I11) / 7) -> 10 | N11: Mobile Coding Showcase | O11: =IFERROR(__xludf.DUMMYFUNCTION("IFERROR( TEXT( MAX(FILTER(Remark!A:A, TRIM(Remark!B:B) = TRIM(B11))), ""dd/mm/yyyy"" ) & "" - "" & FILTER( Remark!C:C, TRIM(Remark!B:B) = TRIM(B11), Remark!A:A = MAX(FILTER(Remark!A:A, TRIM(Remark!B:B) = TRIM(B11))) ), """" )"),"") | P11: =IFERROR(__xludf.DUMMYFUNCTION("TEXTJOIN(CHAR(10), TRUE, IFERROR( FILTER(TEXT(Remark!A:A, ""dd/mm/yyyy"") & "" - "" & Remark!C:C, TRIM(Remark!B:B) = TRIM(B11)), """" ))"),"") | Q11: =IFERROR(__xludf.DUMMYFUNCTION("IFERROR( FILTER( Remark!D:D, Remark!A:A = MAX(FILTER(Remark!A:A, TRIM(Remark!B:B) = TRIM(B11))) ), """" )"),"") | R11: =IFS(M11<=30, "Learning", AND(M11>30, M11<=40),"Starting Final Project", M11>40, "Prepare for Showcase") -> Learning | S11: TRUE | T11: Kyan Ling - Chumbaka | U11: 6 | V11: 1 | W11: 1 | X11: 1 | AA11: =sum(V11:Z11) -> 3
A12: 467 | B12: Gabriel Hung Tuan Zhi | C12: Active | D12: 46083 | F12: 1 Mon 7:30-8:30pm | G12: Veritas | H12: Evelyn | I12: 46090 | J12: Creative Computing | K12: FALSE | M12: =INT((TODAY() - I12) / 7) -> 5 | P12: =IFERROR(__xludf.DUMMYFUNCTION("TEXTJOIN(CHAR(10), TRUE, IFERROR( FILTER(TEXT(Remark!A:A, ""dd/mm/yyyy"") & "" - "" & Remark!C:C, TRIM(Remark!B:B) = TRIM(B12)), """" ))"),"") | Q12: =IFERROR(__xludf.DUMMYFUNCTION("IFERROR( FILTER( Remark!D:D, Remark!A:A = MAX(FILTER(Remark!A:A, TRIM(Remark!B:B) = TRIM(B12))) ), """" )"),"") | R12: =IFS(M12<=30, "Learning", AND(M12>30, M12<=40),"Starting Final Project", M12>40, "Prepare for Showcase") -> Learning | S12: FALSE | T12: Gabriel Hung - Chumbaka | X12: 1 | Y12: 1 | AA12: =sum(V12:Z12) -> 2
A13: 391 | B13: Josh Ting Sie Jun | C13: Active | D13: 45845 | F13: 1 Mon 7:30-8:30pm | G13: Veritas | H13: Kerry | I13: 45845 | J13: Mobile Coding | K13: TRUE | M13: =INT((TODAY() - I13) / 7) -> 40 | O13: =IFERROR(__xludf.DUMMYFUNCTION("IFERROR( TEXT( MAX(FILTER(Remark!A:A, TRIM(Remark!B:B) = TRIM(B13))), ""dd/mm/yyyy"" ) & "" - "" & FILTER( Remark!C:C, TRIM(Remark!B:B) = TRIM(B13), Remark!A:A = MAX(FILTER(Remark!A:A, TRIM(Remark!B:B) = TRIM(B13))) ), """" )"),"") | P13: =IFERROR(__xludf.DUMMYFUNCTION("TEXTJOIN(CHAR(10), TRUE, IFERROR( FILTER(TEXT(Remark!A:A, ""dd/mm/yyyy"") & "" - "" & Remark!C:C, TRIM(Remark!B:B) = TRIM(B13)), """" ))"),"") | Q13: =IFERROR(__xludf.DUMMYFUNCTION("IFERROR( FILTER( Remark!D:D, Remark!A:A = MAX(FILTER(Remark!A:A, TRIM(Remark!B:B) = TRIM(B13))) ), """" )"),"") | R13: =IFS(M13<=30, "Learning", AND(M13>30, M13<=40),"Starting Final Project", M13>40, "Prepare for Showcase") -> Starting Final Project | T13: Josh Ting - Chumbaka | U13: 6 | V13: 1 | X13: 1 | Y13: 1 | AA13: =sum(V13:Z13) -> 3
A14: 436 | B14: Eeson Wong bin Mohammad Hisham | C14: Active | D14: 46036 | F14: 1 Mon 7:30-8:30pm | G14: Veritas | H14: Kerry | I14: 46034 | J14: Mobile Coding | K14: FALSE | M14: =INT((TODAY() - I14) / 7) -> 13 | O14: =IFERROR(__xludf.DUMMYFUNCTION("IFERROR( TEXT( MAX(FILTER(Remark!A:A, TRIM(Remark!B:B) = TRIM(B14))), ""dd/mm/yyyy"" ) & "" - "" & FILTER( Remark!C:C, TRIM(Remark!B:B) = TRIM(B14), Remark!A:A = MAX(FILTER(Remark!A:A, TRIM(Remark!B:B) = TRIM(B14))) ), """" )"),"") | P14: =IFERROR(__xludf.DUMMYFUNCTION("TEXTJOIN(CHAR(10), TRUE, IFERROR( FILTER(TEXT(Remark!A:A, ""dd/mm/yyyy"") & "" - "" & Remark!C:C, TRIM(Remark!B:B) = TRIM(B14)), """" ))"),"") | Q14: =IFERROR(__xludf.DUMMYFUNCTION("IFERROR( FILTER( Remark!D:D, Remark!A:A = MAX(FILTER(Remark!A:A, TRIM(Remark!B:B) = TRIM(B14))) ), """" )"),"") | R14: =IFS(M14<=30, "Learning", AND(M14>30, M14<=40),"Starting Final Project", M14>40, "Prepare for Showcase") -> Learning | T14: Eeson Wong - Chumbaka | W14: 1 | X14: 1 | Y14: 2 | AA14: =sum(V14:Z14) -> 4
A15: 446 | B15: Isaac Lau Li Sheng | C15: Active | D15: 46056 | F15: 1 Mon 7:30-8:30pm | G15: Veritas | H15: Kerry | I15: 46055 | J15: Mobile Coding | K15: FALSE | M15: =INT((TODAY() - I15) / 7) -> 10 | O15: =IFERROR(__xludf.DUMMYFUNCTION("IFERROR( TEXT( MAX(FILTER(Remark!A:A, TRIM(Remark!B:B) = TRIM(B15))), ""dd/mm/yyyy"" ) & "" - "" & FILTER( Remark!C:C, TRIM(Remark!B:B) = TRIM(B15), Remark!A:A = MAX(FILTER(Remark!A:A, TRIM(Remark!B:B) = TRIM(B15))) ), """" )"),"") | P15: =IFERROR(__xludf.DUMMYFUNCTION("TEXTJOIN(CHAR(10), TRUE, IFERROR( FILTER(TEXT(Remark!A:A, ""dd/mm/yyyy"") & "" - "" & Remark!C:C, TRIM(Remark!B:B) = TRIM(B15)), """" ))"),"") | Q15: =IFERROR(__xludf.DUMMYFUNCTION("IFERROR( FILTER( Remark!D:D, Remark!A:A = MAX(FILTER(Remark!A:A, TRIM(Remark!B:B) = TRIM(B15))) ), """" )"),"") | R15: =IFS(M15<=30, "Learning", AND(M15>30, M15<=40),"Starting Final Project", M15>40, "Prepare for Showcase") -> Learning | S15: FALSE | T15: Isaac Lau - Chumbaka | W15: 1 | X15: 3 | Y15: 2 | AA15: =sum(V15:Z15) -> 6
A16: 451 | B16: Yong Feng Kai | C16: Active | D16: 46062 | F16: 1 Mon 7:30-8:30pm | G16: Veritas | H16: Kerry | I16: 46055 | J16: Mobile Coding | K16: FALSE | M16: =INT((TODAY() - I16) / 7) -> 10 | O16: No | P16: =IFERROR(__xludf.DUMMYFUNCTION("TEXTJOIN(CHAR(10), TRUE, IFERROR( FILTER(TEXT(Remark!A:A, ""dd/mm/yyyy"") & "" - "" & Remark!C:C, TRIM(Remark!B:B) = TRIM(B16)), """" ))"),"24/02/2026 - So far, his progress is generally okay. He is progressing slightly slower as he is still learning to understand the instructions on the LMS. Mentor is guiding him step by step on how to read and interpret the instructions independently") -> 24/02/2026 - So far, his progress is generally okay. He is progressing slightly slower as he is still learning to understand the instructions on the LMS. Mentor is guiding him step by step on how to read and interpret the instructions independently | Q16: =IFERROR(__xludf.DUMMYFUNCTION("IFERROR( FILTER( Remark!D:D, Remark!A:A = MAX(FILTER(Remark!A:A, TRIM(Remark!B:B) = TRIM(B16))) ), """" )"),"No") -> No | R16: =IFS(M16<=30, "Learning", AND(M16>30, M16<=40),"Starting Final Project", M16>40, "Prepare for Showcase") -> Learning | S16: FALSE | T16: Feng Kai - Chumbaka | X16: 1 | Y16: 2 | AA16: =sum(V16:Z16) -> 3
A17: 41 | B17: Ezra Ling Sing Yi | C17: Active | D17: 44723 | F17: 1 Mon 7:30-8:30pm | G17: Veritas | H17: Lam | I17: 46027 | J17: AI with Python | K17: TRUE | L17: Changing Timeslot | M17: =INT((TODAY() - I17) / 7) -> 14 | O17: =IFERROR(__xludf.DUMMYFUNCTION("IFERROR( TEXT( MAX(FILTER(Remark!A:A, TRIM(Remark!B:B) = TRIM(B17))), ""dd/mm/yyyy"" ) & "" - "" & FILTER( Remark!C:C, TRIM(Remark!B:B) = TRIM(B17), Remark!A:A = MAX(FILTER(Remark!A:A, TRIM(Remark!B:B) = TRIM(B17))) ), """" )"),"") | P17: =IFERROR(__xludf.DUMMYFUNCTION("TEXTJOIN(CHAR(10), TRUE, IFERROR( FILTER(TEXT(Remark!A:A, ""dd/mm/yyyy"") & "" - "" & Remark!C:C, TRIM(Remark!B:B) = TRIM(B17)), """" ))"),"") | Q17: =IFERROR(__xludf.DUMMYFUNCTION("IFERROR( FILTER( Remark!D:D, Remark!A:A = MAX(FILTER(Remark!A:A, TRIM(Remark!B:B) = TRIM(B17))) ), """" )"),"") | R17: =IFS(M17<=30, "Learning", AND(M17>30, M17<=40),"Starting Final Project", M17>40, "Prepare for Showcase") -> Learning | T17: Ezra Ling - CHUMBAKA | U17: 2 | V17: 1 | Y17: 1 | AA17: =sum(V17:Z17) -> 2
A18: 9 | B18: Ting Zhi Xin | C18: Active | D18: 44532 | F18: 1 Mon 7:30-8:30pm | G18: Veritas | H18: Mandy | I18: 45922 | J18: 3D Design for AR and VR | K18: TRUE | M18: =INT((TODAY() - I18) / 7) -> 29 | O18: =IFERROR(__xludf.DUMMYFUNCTION("IFERROR( TEXT( MAX(FILTER(Remark!A:A, TRIM(Remark!B:B) = TRIM(B18))), ""dd/mm/yyyy"" ) & "" - "" & FILTER( Remark!C:C, TRIM(Remark!B:B) = TRIM(B18), Remark!A:A = MAX(FILTER(Remark!A:A, TRIM(Remark!B:B) = TRIM(B18))) ), """" )"),"") | P18: =IFERROR(__xludf.DUMMYFUNCTION("TEXTJOIN(CHAR(10), TRUE, IFERROR( FILTER(TEXT(Remark!A:A, ""dd/mm/yyyy"") & "" - "" & Remark!C:C, TRIM(Remark!B:B) = TRIM(B18)), """" ))"),"") | Q18: =IFERROR(__xludf.DUMMYFUNCTION("IFERROR( FILTER( Remark!D:D, Remark!A:A = MAX(FILTER(Remark!A:A, TRIM(Remark!B:B) = TRIM(B18))) ), """" )"),"") | R18: =IFS(M18<=30, "Learning", AND(M18>30, M18<=40),"Starting Final Project", M18>40, "Prepare for Showcase") -> Learning | T18: Zhi En/Zhi Xin - Chumbaka | U18: 4 | V18: 1 | Y18: 1 | AA18: =sum(V18:Z18) -> 2
A19: 187 | B19: Marcus Lau Yee Ho | C19: Active | D19: 45201 | F19: 1 Mon 7:30-8:30pm | G19: Veritas | H19: Mandy | I19: 46027 | J19: Coding and Algorithm | K19: TRUE | M19: =INT((TODAY() - I19) / 7) -> 14 | O19: =IFERROR(__xludf.DUMMYFUNCTION("IFERROR( TEXT( MAX(FILTER(Remark!A:A, TRIM(Remark!B:B) = TRIM(B19))), ""dd/mm/yyyy"" ) & "" - "" & FILTER( Remark!C:C, TRIM(Remark!B:B) = TRIM(B19), Remark!A:A = MAX(FILTER(Remark!A:A, TRIM(Remark!B:B) = TRIM(B19))) ), """" )"),"") | P19: =IFERROR(__xludf.DUMMYFUNCTION("TEXTJOIN(CHAR(10), TRUE, IFERROR( FILTER(TEXT(Remark!A:A, ""dd/mm/yyyy"") & "" - "" & Remark!C:C, TRIM(Remark!B:B) = TRIM(B19)), """" ))"),"") | Q19: =IFERROR(__xludf.DUMMYFUNCTION("IFERROR( FILTER( Remark!D:D, Remark!A:A = MAX(FILTER(Remark!A:A, TRIM(Remark!B:B) = TRIM(B19))) ), """" )"),"") | R19: =IFS(M19<=30, "Learning", AND(M19>30, M19<=40),"Starting Final Project", M19>40, "Prepare for Showcase") -> Learning | T19: Lucas/Marcus - Chumbaka | U19: 4 | X19: 1 | Y19: 1 | AA19: =sum(V19:Z19) -> 2
A20: 267 | B20: Oscar Khiew Jian Lyn | C20: Active | D20: 45503 | F20: 1 Mon 7:30-8:30pm | G20: Veritas | H20: Mandy | I20: 45960 | J20: Coding and Algorithm | K20: TRUE | M20: =INT((TODAY() - I20) / 7) -> 24 | O20: =IFERROR(__xludf.DUMMYFUNCTION("IFERROR( TEXT( MAX(FILTER(Remark!A:A, TRIM(Remark!B:B) = TRIM(B20))), ""dd/mm/yyyy"" ) & "" - "" & FILTER( Remark!C:C, TRIM(Remark!B:B) = TRIM(B20), Remark!A:A = MAX(FILTER(Remark!A:A, TRIM(Remark!B:B) = TRIM(B20))) ), """" )"),"") | P20: =IFERROR(__xludf.DUMMYFUNCTION("TEXTJOIN(CHAR(10), TRUE, IFERROR( FILTER(TEXT(Remark!A:A, ""dd/mm/yyyy"") & "" - "" & Remark!C:C, TRIM(Remark!B:B) = TRIM(B20)), """" ))"),"") | Q20: =IFERROR(__xludf.DUMMYFUNCTION("IFERROR( FILTER( Remark!D:D, Remark!A:A = MAX(FILTER(Remark!A:A, TRIM(Remark!B:B) = TRIM(B20))) ), """" )"),"") | R20: =IFS(M20<=30, "Learning", AND(M20>30, M20<=40),"Starting Final Project", M20>40, "Prepare for Showcase") -> Learning | T20: Oscar Khiew(TH) - Chumbaka | U20: 1 | X20: 1 | Y20: 1 | AA20: =sum(V20:Z20) -> 2
A21: 343 | B21: Jerry Yong Ching Hwa | C21: Active | D21: 45740 | F21: 1 Mon 7:30-8:30pm | G21: Veritas | H21: Mandy | I21: 45754 | J21: Coding and Algorithm | K21: TRUE | M21: =INT((TODAY() - I21) / 7) -> 53 | O21: =IFERROR(__xludf.DUMMYFUNCTION("IFERROR( TEXT( MAX(FILTER(Remark!A:A, TRIM(Remark!B:B) = TRIM(B21))), ""dd/mm/yyyy"" ) & "" - "" & FILTER( Remark!C:C, TRIM(Remark!B:B) = TRIM(B21), Remark!A:A = MAX(FILTER(Remark!A:A, TRIM(Remark!B:B) = TRIM(B21))) ), """" )"),"") | P21: =IFERROR(__xludf.DUMMYFUNCTION("TEXTJOIN(CHAR(10), TRUE, IFERROR( FILTER(TEXT(Remark!A:A, ""dd/mm/yyyy"") & "" - "" & Remark!C:C, TRIM(Remark!B:B) = TRIM(B21)), """" ))"),"") | Q21: =IFERROR(__xludf.DUMMYFUNCTION("IFERROR( FILTER( Remark!D:D, Remark!A:A = MAX(FILTER(Remark!A:A, TRIM(Remark!B:B) = TRIM(B21))) ), """" )"),"") | R21: =IFS(M21<=30, "Learning", AND(M21>30, M21<=40),"Starting Final Project", M21>40, "Prepare for Showcase") -> Prepare for Showcase | S21: TRUE | T21: Jerry Yong - Chumbaka | U21: 1 | V21: 1 | AA21: =sum(V21:Z21) -> 1
A22: 7 | B22: Ting Zhi En | C22: Active | D22: 44507 | F22: 2 Wed 7:30-8:30pm | G22: Veritas | H22: Chuan | I22: 45047 | J22: Embedded System | K22: TRUE | L22: Changing Timeslot | M22: =INT((TODAY() - I22) / 7) -> 154 | O22: =IFERROR(__xludf.DUMMYFUNCTION("IFERROR( TEXT( MAX(FILTER(Remark!A:A, TRIM(Remark!B:B) = TRIM(B22))), ""dd/mm/yyyy"" ) & "" - "" & FILTER( Remark!C:C, TRIM(Remark!B:B) = TRIM(B22), Remark!A:A = MAX(FILTER(Remark!A:A, TRIM(Remark!B:B) = TRIM(B22))) ), """" )"),"") | P22: =IFERROR(__xludf.DUMMYFUNCTION("TEXTJOIN(CHAR(10), TRUE, IFERROR( FILTER(TEXT(Remark!A:A, ""dd/mm/yyyy"") & "" - "" & Remark!C:C, TRIM(Remark!B:B) = TRIM(B22)), """" ))"),"") | Q22: =IFERROR(__xludf.DUMMYFUNCTION("IFERROR( FILTER( Remark!D:D, Remark!A:A = MAX(FILTER(Remark!A:A, TRIM(Remark!B:B) = TRIM(B22))) ), """" )"),"") | R22: =IFS(M22<=30, "Learning", AND(M22>30, M22<=40),"Starting Final Project", M22>40, "Prepare for Showcase") -> Prepare for Showcase | S22: TRUE | T22: Zhi En/Zhi Xin - Chumbaka | U22: 1 | W22: 1 | AA22: =sum(V22:Z22) -> 1
A23: 259 | B23: Joelle Lau Lik Ying | C23: Active | D23: 45476 | F23: 2 Wed 7:30-8:30pm | G23: Veritas | H23: Chuan | I23: 45693 | J23: Embedded System | K23: TRUE | M23: =INT((TODAY() - I23) / 7) -> 62 | O23: =IFERROR(__xludf.DUMMYFUNCTION("IFERROR( TEXT( MAX(FILTER(Remark!A:A, TRIM(Remark!B:B) = TRIM(B23))), ""dd/mm/yyyy"" ) & "" - "" & FILTER( Remark!C:C, TRIM(Remark!B:B) = TRIM(B23), Remark!A:A = MAX(FILTER(Remark!A:A, TRIM(Remark!B:B) = TRIM(B23))) ), """" )"),"14/10/2025 - [Caleb] Previously, the student spent some time working on competition projects, but the focus is now back on regular learning. Some of her projects have been completed but not yet submitted. The mentor is advised to remind the student to sub"&"mit all completed projects and to update the parents on her progress.") -> 14/10/2025 - [Caleb] Previously, the student spent some time working on competition projects, but the focus is now back on regular learning. Some of her projects have been completed but not yet submitted. The mentor is advised to remind the student to submit all completed projects and to update the parents on her progress. | P23: =IFERROR(__xludf.DUMMYFUNCTION("TEXTJOIN(CHAR(10), TRUE, IFERROR( FILTER(TEXT(Remark!A:A, ""dd/mm/yyyy"") & "" - "" & Remark!C:C, TRIM(Remark!B:B) = TRIM(B23)), """" ))"),"14/10/2025 - [Caleb] Previously, the student spent some time working on competition projects, but the focus is now back on regular learning. Some of her projects have been completed but not yet submitted. The mentor is advised to remind the student to sub"&"mit all completed projects and to update the parents on her progress.") -> 14/10/2025 - [Caleb] Previously, the student spent some time working on competition projects, but the focus is now back on regular learning. Some of her projects have been completed but not yet submitted. The mentor is advised to remind the student to submit all completed projects and to update the parents on her progress. | Q23: =IFERROR(__xludf.DUMMYFUNCTION("IFERROR( FILTER( Remark!D:D, Remark!A:A = MAX(FILTER(Remark!A:A, TRIM(Remark!B:B) = TRIM(B23))) ), """" )"),"Yes") -> Yes | R23: =IFS(M23<=30, "Learning", AND(M23>30, M23<=40),"Starting Final Project", M23>40, "Prepare for Showcase") -> Prepare for Showcase | S23: TRUE | T23: Joelle/Eugene - Chumbaka | U23: 4 | V23: 1 | X23: 1 | Y23: 1 | AA23: =sum(V23:Z23) -> 3
A24: 260 | B24: Eugene Lau Lik Yang | C24: Active | D24: 45489 | F24: 2 Wed 7:30-8:30pm | G24: Veritas | H24: Chuan | I24: 46029 | J24: AI with Python | K24: TRUE | M24: =INT((TODAY() - I24) / 7) -> 14 | O24: =IFERROR(__xludf.DUMMYFUNCTION("IFERROR( TEXT( MAX(FILTER(Remark!A:A, TRIM(Remark!B:B) = TRIM(B24))), ""dd/mm/yyyy"" ) & "" - "" & FILTER( Remark!C:C, TRIM(Remark!B:B) = TRIM(B24), Remark!A:A = MAX(FILTER(Remark!A:A, TRIM(Remark!B:B) = TRIM(B24))) ), """" )"),"11/11/2025 - [Caleb] The student is currently preparing for the showcase. Demonstrates great initiative and a positive learning attitude, though self-learning skills still need improvement. The mentor team has discussed strategies to support his growth"&". We will begin by asking guiding questions to stimulate critical thinking and help him build problem-solving skills both in Chumbaka and beyond.") -> 11/11/2025 - [Caleb] The student is currently preparing for the showcase. Demonstrates great initiative and a positive learning attitude, though self-learning skills still need improvement. The mentor team has discussed strategies to support his growth. We will begin by asking guiding questions to stimulate critical thinking and help him build problem-solving skills both in Chumbaka and beyond. | P24: =IFERROR(__xludf.DUMMYFUNCTION("TEXTJOIN(CHAR(10), TRUE, IFERROR( FILTER(TEXT(Remark!A:A, ""dd/mm/yyyy"") & "" - "" & Remark!C:C, TRIM(Remark!B:B) = TRIM(B24)), """" ))"),"11/11/2025 - [Caleb] The student is currently preparing for the showcase. Demonstrates great initiative and a positive learning attitude, though self-learning skills still need improvement. The mentor team has discussed strategies to support his growth"&". We will begin by asking guiding questions to stimulate critical thinking and help him build problem-solving skills both in Chumbaka and beyond.") -> 11/11/2025 - [Caleb] The student is currently preparing for the showcase. Demonstrates great initiative and a positive learning attitude, though self-learning skills still need improvement. The mentor team has discussed strategies to support his growth. We will begin by asking guiding questions to stimulate critical thinking and help him build problem-solving skills both in Chumbaka and beyond. | Q24: =IFERROR(__xludf.DUMMYFUNCTION("IFERROR( FILTER( Remark!D:D, Remark!A:A = MAX(FILTER(Remark!A:A, TRIM(Remark!B:B) = TRIM(B24))) ), """" )"),"Yes") -> Yes | R24: =IFS(M24<=30, "Learning", AND(M24>30, M24<=40),"Starting Final Project", M24>40, "Prepare for Showcase") -> Learning | T24: Joelle/Eugene - Chumbaka | U24: 2 | X24: 1 | Y24: 1 | AA24: =sum(V24:Z24) -> 2
A25: 323 | B25: Max Yong Seng Jing | C25: Active | D25: 45717 | F25: 2 Wed 7:30-8:30pm | G25: Veritas | H25: Chuan | I25: 45896 | J25: Creative Computing | K25: TRUE | M25: =INT((TODAY() - I25) / 7) -> 33 | O25: =IFERROR(__xludf.DUMMYFUNCTION("IFERROR( TEXT( MAX(FILTER(Remark!A:A, TRIM(Remark!B:B) = TRIM(B25))), ""dd/mm/yyyy"" ) & "" - "" & FILTER( Remark!C:C, TRIM(Remark!B:B) = TRIM(B25), Remark!A:A = MAX(FILTER(Remark!A:A, TRIM(Remark!B:B) = TRIM(B25))) ), """" )"),"") | P25: =IFERROR(__xludf.DUMMYFUNCTION("TEXTJOIN(CHAR(10), TRUE, IFERROR( FILTER(TEXT(Remark!A:A, ""dd/mm/yyyy"") & "" - "" & Remark!C:C, TRIM(Remark!B:B) = TRIM(B25)), """" ))"),"") | Q25: =IFERROR(__xludf.DUMMYFUNCTION("IFERROR( FILTER( Remark!D:D, Remark!A:A = MAX(FILTER(Remark!A:A, TRIM(Remark!B:B) = TRIM(B25))) ), """" )"),"") | R25: =IFS(M25<=30, "Learning", AND(M25>30, M25<=40),"Starting Final Project", M25>40, "Prepare for Showcase") -> Starting Final Project | T25: Ivan/Max - Chumbaka | U25: 3 | X25: 1 | Y25: 1 | AA25: =sum(V25:Z25) -> 2
A26: 142 | B26: Aaron Ting Kuan Siang | C26: Active | D26: 45119 | F26: 2 Wed 7:30-8:30pm | G26: Veritas | H26: Damian | I26: 45644 | J26: Physical Computing | K26: TRUE | M26: =INT((TODAY() - I26) / 7) -> 69 | O26: No | P26: =IFERROR(__xludf.DUMMYFUNCTION("TEXTJOIN(CHAR(10), TRUE, IFERROR( FILTER(TEXT(Remark!A:A, ""dd/mm/yyyy"") & "" - "" & Remark!C:C, TRIM(Remark!B:B) = TRIM(B26)), """" ))"),"03/10/2025 - [Caleb] Slow learner, often needs to watch twice. Tends to help friends after learning something. Mentor is advised to update the parents and explain the milestones and how we plan to support the student. 06/11/2025 - [Caleb] The mentor has "&"already updated the parents. 10/02/2026 - Aaron is creating a Pong game 🎮. His progress is slow because he likes to teach his friend Benjamin 🌟, and he sometimes needs to watch the tutorial video twice to understand it 💻🚀. 12/02/2026 - Aaron is creat"&"ing a Pong game 🎮. His progress is slow because he likes to teach his friend Benjamin 🌟, and he sometimes needs to watch the tutorial video twice to understand it 💻🚀 06/04/2026 - Aaron is a careful learner 📚 who often benefits from reviewing instruct"&"ional materials more than once to ensure a thorough understanding of the concepts. 💡 He demonstrates a helpful nature by assisting his peers after he has mastered a new topic. 🤝 💻 We will provide regular updates regarding his milestones 🌟 and our plan"&" to support his continued growth. 🚀") -> 03/10/2025 - [Caleb] Slow learner, often needs to watch twice. Tends to help friends after learning something. Mentor is advised to update the parents and explain the milestones and how we plan to support the student. 06/11/2025 - [Caleb] The mentor has already updated the parents. 10/02/2026 - Aaron is creating a Pong game 🎮. His progress is slow because he likes to teach his friend Benjamin 🌟, and he sometimes needs to watch the tutorial video twice to understand it 💻🚀. 12/02/2026 - Aaron is creating a Pong game 🎮. His progress is slow because he likes to teach his friend Benjamin 🌟, and he sometimes needs to watch the tutorial video twice to understand it 💻🚀 06/04/2026 - Aaron is a careful learner 📚 who often benefits from reviewing instructional materials more than once to ensure a thorough understanding of the concepts. 💡 He demonstrates a helpful nature by assisting his peers after he has mastered a new topic. 🤝 💻 We will provide regular updates regarding his milestones 🌟 and our plan to support his continued growth. 🚀 | Q26: Yes | R26: =IFS(M26<=30, "Learning", AND(M26>30, M26<=40),"Starting Final Project", M26>40, "Prepare for Showcase") -> Prepare for Showcase | S26: FALSE | T26: Testing | U26: 5 | V26: 1 | Y26: 1 | AA26: =sum(V26:Z26) -> 2
A27: 179 | B27: Kyle Ling Zhong You | C27: Active | D27: 45175 | F27: 2 Wed 7:30-8:30pm | G27: Veritas | H27: Damian | I27: 45546 | J27: Physical Computing | K27: TRUE | M27: =INT((TODAY() - I27) / 7) -> 83 | O27: =IFERROR(__xludf.DUMMYFUNCTION("IFERROR( TEXT( MAX(FILTER(Remark!A:A, TRIM(Remark!B:B) = TRIM(B27))), ""dd/mm/yyyy"" ) & "" - "" & FILTER( Remark!C:C, TRIM(Remark!B:B) = TRIM(B27), Remark!A:A = MAX(FILTER(Remark!A:A, TRIM(Remark!B:B) = TRIM(B27))) ), """" )"),"") | P27: =IFERROR(__xludf.DUMMYFUNCTION("TEXTJOIN(CHAR(10), TRUE, IFERROR( FILTER(TEXT(Remark!A:A, ""dd/mm/yyyy"") & "" - "" & Remark!C:C, TRIM(Remark!B:B) = TRIM(B27)), """" ))"),"") | Q27: =IFERROR(__xludf.DUMMYFUNCTION("IFERROR( FILTER( Remark!D:D, Remark!A:A = MAX(FILTER(Remark!A:A, TRIM(Remark!B:B) = TRIM(B27))) ), """" )"),"") | R27: =IFS(M27<=30, "Learning", AND(M27>30, M27<=40),"Starting Final Project", M27>40, "Prepare for Showcase") -> Prepare for Showcase | S27: TRUE | T27: Boey/Kyle Ling - Chumbaka | U27: 3 | V27: 1 | AA27: =sum(V27:Z27) -> 1
A28: 282 | B28: Benjamin Lee Zhe Ming | C28: Active | D28: 45520 | F28: 2 Wed 7:30-8:30pm | G28: Veritas | H28: Damian | I28: 45749 | J28: Physical Computing | K28: TRUE | M28: =INT((TODAY() - I28) / 7) -> 54 | O28: =IFERROR(__xludf.DUMMYFUNCTION("IFERROR( TEXT( MAX(FILTER(Remark!A:A, TRIM(Remark!B:B) = TRIM(B28))), ""dd/mm/yyyy"" ) & "" - "" & FILTER( Remark!C:C, TRIM(Remark!B:B) = TRIM(B28), Remark!A:A = MAX(FILTER(Remark!A:A, TRIM(Remark!B:B) = TRIM(B28))) ), """" )"),"06/11/2025 - [Caleb] Some projects were skipped; mentor is advised to update the parents regarding this matter. Student is a slow learner, has progressed up to Project D2.") -> 06/11/2025 - [Caleb] Some projects were skipped; mentor is advised to update the parents regarding this matter. Student is a slow learner, has progressed up to Project D2. | P28: =IFERROR(__xludf.DUMMYFUNCTION("TEXTJOIN(CHAR(10), TRUE, IFERROR( FILTER(TEXT(Remark!A:A, ""dd/mm/yyyy"") & "" - "" & Remark!C:C, TRIM(Remark!B:B) = TRIM(B28)), """" ))"),"06/11/2025 - [Caleb] Some projects were skipped; mentor is advised to update the parents regarding this matter. Student is a slow learner, has progressed up to Project D2.") -> 06/11/2025 - [Caleb] Some projects were skipped; mentor is advised to update the parents regarding this matter. Student is a slow learner, has progressed up to Project D2. | Q28: =IFERROR(__xludf.DUMMYFUNCTION("IFERROR( FILTER( Remark!D:D, Remark!A:A = MAX(FILTER(Remark!A:A, TRIM(Remark!B:B) = TRIM(B28))) ), """" )"),"No") -> No | R28: =IFS(M28<=30, "Learning", AND(M28>30, M28<=40),"Starting Final Project", M28>40, "Prepare for Showcase") -> Prepare for Showcase | S28: FALSE | T28: Benjamin - Chumbaka | U28: 3 | V28: 1 | Y28: 1 | AA28: =sum(V28:Z28) -> 2
A29: 289 | B29: Amarion Hii Lu Ong | C29: Active | D29: 45575 | F29: 2 Wed 7:30-8:30pm | G29: Veritas | H29: Damian | I29: 46029 | J29: Physical Computing | K29: TRUE | M29: =INT((TODAY() - I29) / 7) -> 14 | O29: =IFERROR(__xludf.DUMMYFUNCTION("IFERROR( TEXT( MAX(FILTER(Remark!A:A, TRIM(Remark!B:B) = TRIM(B29))), ""dd/mm/yyyy"" ) & "" - "" & FILTER( Remark!C:C, TRIM(Remark!B:B) = TRIM(B29), Remark!A:A = MAX(FILTER(Remark!A:A, TRIM(Remark!B:B) = TRIM(B29))) ), """" )"),"02/10/2025 - [Caleb] Improved after the mentor spoke to the student personally; the next challenge is to maintain consistent performance.") -> 02/10/2025 - [Caleb] Improved after the mentor spoke to the student personally; the next challenge is to maintain consistent performance. | P29: =IFERROR(__xludf.DUMMYFUNCTION("TEXTJOIN(CHAR(10), TRUE, IFERROR( FILTER(TEXT(Remark!A:A, ""dd/mm/yyyy"") & "" - "" & Remark!C:C, TRIM(Remark!B:B) = TRIM(B29)), """" ))"),"25/09/2025 - [Caleb] Initially, due to a change of mentor, he tended to remain silent for a period of time. He is easily distracted by friends, especially when Benaiah joins the class. The mentor did not provide a specific timeline."" 02/10/2025 - [Caleb]"&" Improved after the mentor spoke to the student personally; the next challenge is to maintain consistent performance.") -> 25/09/2025 - [Caleb] Initially, due to a change of mentor, he tended to remain silent for a period of time. He is easily distracted by friends, especially when Benaiah joins the class. The mentor did not provide a specific timeline." 02/10/2025 - [Caleb] Improved after the mentor spoke to the student personally; the next challenge is to maintain consistent performance. | Q29: =IFERROR(__xludf.DUMMYFUNCTION("IFERROR( FILTER( Remark!D:D, Remark!A:A = MAX(FILTER(Remark!A:A, TRIM(Remark!B:B) = TRIM(B29))) ), """" )"),"Yes") -> Yes | R29: =IFS(M29<=30, "Learning", AND(M29>30, M29<=40),"Starting Final Project", M29>40, "Prepare for Showcase") -> Learning | T29: Amarion - Chumbaka | U29: 4 | V29: 1 | W29: 1 | X29: 1 | Y29: 1 | AA29: =sum(V29:Z29) -> 4
A30: 347 | B30: Noelle Wong Jing Yan | C30: Active | D30: 45782 | F30: 2 Wed 7:30-8:30pm | G30: Veritas | H30: Damian | I30: 45782 | J30: Coding and Algorithm | K30: TRUE | M30: =INT((TODAY() - I30) / 7) -> 49 | O30: =IFERROR(__xludf.DUMMYFUNCTION("IFERROR( TEXT( MAX(FILTER(Remark!A:A, TRIM(Remark!B:B) = TRIM(B30))), ""dd/mm/yyyy"" ) & "" - "" & FILTER( Remark!C:C, TRIM(Remark!B:B) = TRIM(B30), Remark!A:A = MAX(FILTER(Remark!A:A, TRIM(Remark!B:B) = TRIM(B30))) ), """" )"),"") | P30: =IFERROR(__xludf.DUMMYFUNCTION("TEXTJOIN(CHAR(10), TRUE, IFERROR( FILTER(TEXT(Remark!A:A, ""dd/mm/yyyy"") & "" - "" & Remark!C:C, TRIM(Remark!B:B) = TRIM(B30)), """" ))"),"") | Q30: =IFERROR(__xludf.DUMMYFUNCTION("IFERROR( FILTER( Remark!D:D, Remark!A:A = MAX(FILTER(Remark!A:A, TRIM(Remark!B:B) = TRIM(B30))) ), """" )"),"") | R30: =IFS(M30<=30, "Learning", AND(M30>30, M30<=40),"Starting Final Project", M30>40, "Prepare for Showcase") -> Prepare for Showcase | S30: TRUE | T30: Noelle/Faye/Amos - Chumbaka | U30: 2 | V30: 1 | Y30: 1 | AA30: =sum(V30:Z30) -> 2
A31: 23 | B31: Javier Hii Wei Wen | C31: Active | D31: 44568 | F31: 2 Wed 7:30-8:30pm | G31: Veritas | H31: Enouch | I31: 45780 | J31: 3D Design for AR and VR | K31: TRUE | M31: =INT((TODAY() - I31) / 7) -> 50 | O31: =IFERROR(__xludf.DUMMYFUNCTION("IFERROR( TEXT( MAX(FILTER(Remark!A:A, TRIM(Remark!B:B) = TRIM(B31))), ""dd/mm/yyyy"" ) & "" - "" & FILTER( Remark!C:C, TRIM(Remark!B:B) = TRIM(B31), Remark!A:A = MAX(FILTER(Remark!A:A, TRIM(Remark!B:B) = TRIM(B31))) ), """" )"),"") | P31: =IFERROR(__xludf.DUMMYFUNCTION("TEXTJOIN(CHAR(10), TRUE, IFERROR( FILTER(TEXT(Remark!A:A, ""dd/mm/yyyy"") & "" - "" & Remark!C:C, TRIM(Remark!B:B) = TRIM(B31)), """" ))"),"") | Q31: =IFERROR(__xludf.DUMMYFUNCTION("IFERROR( FILTER( Remark!D:D, Remark!A:A = MAX(FILTER(Remark!A:A, TRIM(Remark!B:B) = TRIM(B31))) ), """" )"),"") | R31: =IFS(M31<=30, "Learning", AND(M31>30, M31<=40),"Starting Final Project", M31>40, "Prepare for Showcase") -> Prepare for Showcase | S31: TRUE | T31: Javier - CHUMBAKA | U31: 1 | X31: 1 | Y31: 1 | AA31: =sum(V31:Z31) -> 2
A32: 147 | B32: Evan Sim Teck Yang | C32: Active | D32: 45139 | F32: 2 Wed 7:30-8:30pm | G32: Veritas | H32: Enouch | I32: 46064 | J32: 3D Design for AR and VR | K32: TRUE | M32: =INT((TODAY() - I32) / 7) -> 9 | O32: =IFERROR(__xludf.DUMMYFUNCTION("IFERROR( TEXT( MAX(FILTER(Remark!A:A, TRIM(Remark!B:B) = TRIM(B32))), ""dd/mm/yyyy"" ) & "" - "" & FILTER( Remark!C:C, TRIM(Remark!B:B) = TRIM(B32), Remark!A:A = MAX(FILTER(Remark!A:A, TRIM(Remark!B:B) = TRIM(B32))) ), """" )"),"") | P32: =IFERROR(__xludf.DUMMYFUNCTION("TEXTJOIN(CHAR(10), TRUE, IFERROR( FILTER(TEXT(Remark!A:A, ""dd/mm/yyyy"") & "" - "" & Remark!C:C, TRIM(Remark!B:B) = TRIM(B32)), """" ))"),"") | Q32: =IFERROR(__xludf.DUMMYFUNCTION("IFERROR( FILTER( Remark!D:D, Remark!A:A = MAX(FILTER(Remark!A:A, TRIM(Remark!B:B) = TRIM(B32))) ), """" )"),"") | R32: =IFS(M32<=30, "Learning", AND(M32>30, M32<=40),"Starting Final Project", M32>40, "Prepare for Showcase") -> Learning | T32: Evan Sim - Chumbaka | AA32: =sum(V32:Z32) -> 0
A33: 178 | B33: Boey Ling | C33: Active | D33: 45175 | F33: 2 Wed 7:30-8:30pm | G33: Veritas | H33: Enouch | I33: 45840 | J33: 3D Design for AR and VR | K33: TRUE | M33: =INT((TODAY() - I33) / 7) -> 41 | O33: =IFERROR(__xludf.DUMMYFUNCTION("IFERROR( TEXT( MAX(FILTER(Remark!A:A, TRIM(Remark!B:B) = TRIM(B33))), ""dd/mm/yyyy"" ) & "" - "" & FILTER( Remark!C:C, TRIM(Remark!B:B) = TRIM(B33), Remark!A:A = MAX(FILTER(Remark!A:A, TRIM(Remark!B:B) = TRIM(B33))) ), """" )"),"16/10/2025 - [Caleb] The student previously used the mentor’s laptop during class and was unable to continue progress at home. There were also issues with the student’s MacBook, but the student has recently switched to a Windows laptop last week, which sh"&"ould help improve learning continuity and project progress.") -> 16/10/2025 - [Caleb] The student previously used the mentor’s laptop during class and was unable to continue progress at home. There were also issues with the student’s MacBook, but the student has recently switched to a Windows laptop last week, which should help improve learning continuity and project progress. | P33: =IFERROR(__xludf.DUMMYFUNCTION("TEXTJOIN(CHAR(10), TRUE, IFERROR( FILTER(TEXT(Remark!A:A, ""dd/mm/yyyy"") & "" - "" & Remark!C:C, TRIM(Remark!B:B) = TRIM(B33)), """" ))"),"16/10/2025 - [Caleb] The student previously used the mentor’s laptop during class and was unable to continue progress at home. There were also issues with the student’s MacBook, but the student has recently switched to a Windows laptop last week, which sh"&"ould help improve learning continuity and project progress.") -> 16/10/2025 - [Caleb] The student previously used the mentor’s laptop during class and was unable to continue progress at home. There were also issues with the student’s MacBook, but the student has recently switched to a Windows laptop last week, which should help improve learning continuity and project progress. | Q33: =IFERROR(__xludf.DUMMYFUNCTION("IFERROR( FILTER( Remark!D:D, Remark!A:A = MAX(FILTER(Remark!A:A, TRIM(Remark!B:B) = TRIM(B33))) ), """" )"),"Yes") -> Yes | R33: =IFS(M33<=30, "Learning", AND(M33>30, M33<=40),"Starting Final Project", M33>40, "Prepare for Showcase") -> Prepare for Showcase | T33: Boey/Kyle Ling - Chumbaka | U33: 5 | V33: 1 | X33: 2 | AA33: =sum(V33:Z33) -> 3
A34: 280 | B34: Ngu Hieng Sing | C34: Active | D34: 45489 | F34: 2 Wed 7:30-8:30pm | G34: Veritas | H34: Enouch | I34: 45875 | J34: 3D Design for AR and VR | K34: TRUE | M34: =INT((TODAY() - I34) / 7) -> 36 | O34: =IFERROR(__xludf.DUMMYFUNCTION("IFERROR( TEXT( MAX(FILTER(Remark!A:A, TRIM(Remark!B:B) = TRIM(B34))), ""dd/mm/yyyy"" ) & "" - "" & FILTER( Remark!C:C, TRIM(Remark!B:B) = TRIM(B34), Remark!A:A = MAX(FILTER(Remark!A:A, TRIM(Remark!B:B) = TRIM(B34))) ), """" )"),"") | P34: =IFERROR(__xludf.DUMMYFUNCTION("TEXTJOIN(CHAR(10), TRUE, IFERROR( FILTER(TEXT(Remark!A:A, ""dd/mm/yyyy"") & "" - "" & Remark!C:C, TRIM(Remark!B:B) = TRIM(B34)), """" ))"),"") | Q34: =IFERROR(__xludf.DUMMYFUNCTION("IFERROR( FILTER( Remark!D:D, Remark!A:A = MAX(FILTER(Remark!A:A, TRIM(Remark!B:B) = TRIM(B34))) ), """" )"),"") | R34: =IFS(M34<=30, "Learning", AND(M34>30, M34<=40),"Starting Final Project", M34>40, "Prepare for Showcase") -> Starting Final Project | T34: Hieng Sing - Chumbaka | U34: 1 | W34: 1 | X34: 1 | Y34: 1 | AA34: =sum(V34:Z34) -> 3
A35: 349 | B35: Amos Wong Jun Ren | C35: Active | D35: 45782 | F35: 2 Wed 7:30-8:30pm | G35: Veritas | H35: Enouch | I35: 45782 | J35: Digital Animation | K35: TRUE | M35: =INT((TODAY() - I35) / 7) -> 49 | O35: =IFERROR(__xludf.DUMMYFUNCTION("IFERROR( TEXT( MAX(FILTER(Remark!A:A, TRIM(Remark!B:B) = TRIM(B35))), ""dd/mm/yyyy"" ) & "" - "" & FILTER( Remark!C:C, TRIM(Remark!B:B) = TRIM(B35), Remark!A:A = MAX(FILTER(Remark!A:A, TRIM(Remark!B:B) = TRIM(B35))) ), """" )"),"14/10/2025 - [Caleb] Device (tablet) issue — for example, difficulty with copy and paste. No major issues observed; maintains a positive attitude") -> 14/10/2025 - [Caleb] Device (tablet) issue — for example, difficulty with copy and paste. No major issues observed; maintains a positive attitude | P35: =IFERROR(__xludf.DUMMYFUNCTION("TEXTJOIN(CHAR(10), TRUE, IFERROR( FILTER(TEXT(Remark!A:A, ""dd/mm/yyyy"") & "" - "" & Remark!C:C, TRIM(Remark!B:B) = TRIM(B35)), """" ))"),"14/10/2025 - [Caleb] Device (tablet) issue — for example, difficulty with copy and paste. No major issues observed; maintains a positive attitude") -> 14/10/2025 - [Caleb] Device (tablet) issue — for example, difficulty with copy and paste. No major issues observed; maintains a positive attitude | Q35: =IFERROR(__xludf.DUMMYFUNCTION("IFERROR( FILTER( Remark!D:D, Remark!A:A = MAX(FILTER(Remark!A:A, TRIM(Remark!B:B) = TRIM(B35))) ), """" )"),"Yes") -> Yes | R35: =IFS(M35<=30, "Learning", AND(M35>30, M35<=40),"Starting Final Project", M35>40, "Prepare for Showcase") -> Prepare for Showcase | S35: TRUE | T35: Noelle/Faye/Amos - Chumbaka | U35: 2 | V35: 2 | Y35: 1 | AA35: =sum(V35:Z35) -> 3
A36: 322 | B36: Ivan Yong Seng Feng | C36: Active | D36: 45717 | F36: 2 Wed 7:30-8:30pm | G36: Veritas | H36: Lam | I36: 45721 | J36: Coding and Algorithm | K36: TRUE | M36: =INT((TODAY() - I36) / 7) -> 58 | O36: =IFERROR(__xludf.DUMMYFUNCTION("IFERROR( TEXT( MAX(FILTER(Remark!A:A, TRIM(Remark!B:B) = TRIM(B36))), ""dd/mm/yyyy"" ) & "" - "" & FILTER( Remark!C:C, TRIM(Remark!B:B) = TRIM(B36), Remark!A:A = MAX(FILTER(Remark!A:A, TRIM(Remark!B:B) = TRIM(B36))) ), """" )"),"") | P36: =IFERROR(__xludf.DUMMYFUNCTION("TEXTJOIN(CHAR(10), TRUE, IFERROR( FILTER(TEXT(Remark!A:A, ""dd/mm/yyyy"") & "" - "" & Remark!C:C, TRIM(Remark!B:B) = TRIM(B36)), """" ))"),"") | Q36: =IFERROR(__xludf.DUMMYFUNCTION("IFERROR( FILTER( Remark!D:D, Remark!A:A = MAX(FILTER(Remark!A:A, TRIM(Remark!B:B) = TRIM(B36))) ), """" )"),"") | R36: =IFS(M36<=30, "Learning", AND(M36>30, M36<=40),"Starting Final Project", M36>40, "Prepare for Showcase") -> Prepare for Showcase | S36: TRUE | T36: Ivan/Max - Chumbaka | U36: 3 | V36: 1 | X36: 1 | AA36: =sum(V36:Z36) -> 2
A37: 462 | B37: Richie Louis Chieng Jin Jie | C37: Active | D37: 46085 | F37: 2 Wed 7:30-8:30pm | G37: Veritas | H37: Lam | I37: 46085 | J37: Creative Computing | K37: FALSE | M37: =INT((TODAY() - I37) / 7) -> 6 | O37: =IFERROR(__xludf.DUMMYFUNCTION("IFERROR( TEXT( MAX(FILTER(Remark!A:A, TRIM(Remark!B:B) = TRIM(B37))), ""dd/mm/yyyy"" ) & "" - "" & FILTER( Remark!C:C, TRIM(Remark!B:B) = TRIM(B37), Remark!A:A = MAX(FILTER(Remark!A:A, TRIM(Remark!B:B) = TRIM(B37))) ), """" )"),"") | P37: =IFERROR(__xludf.DUMMYFUNCTION("TEXTJOIN(CHAR(10), TRUE, IFERROR( FILTER(TEXT(Remark!A:A, ""dd/mm/yyyy"") & "" - "" & Remark!C:C, TRIM(Remark!B:B) = TRIM(B37)), """" ))"),"") | Q37: =IFERROR(__xludf.DUMMYFUNCTION("IFERROR( FILTER( Remark!D:D, Remark!A:A = MAX(FILTER(Remark!A:A, TRIM(Remark!B:B) = TRIM(B37))) ), """" )"),"") | R37: =IFS(M37<=30, "Learning", AND(M37>30, M37<=40),"Starting Final Project", M37>40, "Prepare for Showcase") -> Learning | S37: FALSE | T37: Richie Louis - Chumbaka | Y37: 1 | AA37: =sum(V37:Z37) -> 1
A38: 348 | B38: Faye Wong Jing Tong | C38: Active | D38: 45782 | F38: 2 Wed 7:30-8:30pm | G38: Veritas | H38: Mandy | I38: 45782 | J38: Mobile Coding | K38: TRUE | M38: =INT((TODAY() - I38) / 7) -> 49 | N38: Mobile Coding Showcase | O38: =IFERROR(__xludf.DUMMYFUNCTION("IFERROR( TEXT( MAX(FILTER(Remark!A:A, TRIM(Remark!B:B) = TRIM(B38))), ""dd/mm/yyyy"" ) & "" - "" & FILTER( Remark!C:C, TRIM(Remark!B:B) = TRIM(B38), Remark!A:A = MAX(FILTER(Remark!A:A, TRIM(Remark!B:B) = TRIM(B38))) ), """" )"),"") | P38: =IFERROR(__xludf.DUMMYFUNCTION("TEXTJOIN(CHAR(10), TRUE, IFERROR( FILTER(TEXT(Remark!A:A, ""dd/mm/yyyy"") & "" - "" & Remark!C:C, TRIM(Remark!B:B) = TRIM(B38)), """" ))"),"") | Q38: =IFERROR(__xludf.DUMMYFUNCTION("IFERROR( FILTER( Remark!D:D, Remark!A:A = MAX(FILTER(Remark!A:A, TRIM(Remark!B:B) = TRIM(B38))) ), """" )"),"") | R38: =IFS(M38<=30, "Learning", AND(M38>30, M38<=40),"Starting Final Project", M38>40, "Prepare for Showcase") -> Prepare for Showcase | S38: TRUE | T38: Noelle/Faye/Amos - Chumbaka | U38: 3 | V38: 2 | W38: 1 | Y38: 1 | AA38: =sum(V38:Z38) -> 4
A39: 418 | B39: Ethan Tan Jun Han | C39: Active | D39: 46034 | F39: 2 Wed 7:30-8:30pm | G39: Veritas | H39: Mandy | I39: 46036 | J39: Mobile Coding | K39: FALSE | L39: New Student | M39: =INT((TODAY() - I39) / 7) -> 13 | O39: =IFERROR(__xludf.DUMMYFUNCTION("IFERROR( TEXT( MAX(FILTER(Remark!A:A, TRIM(Remark!B:B) = TRIM(B39))), ""dd/mm/yyyy"" ) & "" - "" & FILTER( Remark!C:C, TRIM(Remark!B:B) = TRIM(B39), Remark!A:A = MAX(FILTER(Remark!A:A, TRIM(Remark!B:B) = TRIM(B39))) ), """" )"),"") | P39: =IFERROR(__xludf.DUMMYFUNCTION("TEXTJOIN(CHAR(10), TRUE, IFERROR( FILTER(TEXT(Remark!A:A, ""dd/mm/yyyy"") & "" - "" & Remark!C:C, TRIM(Remark!B:B) = TRIM(B39)), """" ))"),"") | Q39: =IFERROR(__xludf.DUMMYFUNCTION("IFERROR( FILTER( Remark!D:D, Remark!A:A = MAX(FILTER(Remark!A:A, TRIM(Remark!B:B) = TRIM(B39))) ), """" )"),"") | R39: =IFS(M39<=30, "Learning", AND(M39>30, M39<=40),"Starting Final Project", M39>40, "Prepare for Showcase") -> Learning | T39: Ethan Tan - Chumbaka | V39: 2 | W39: 1 | X39: 1 | Y39: 1 | AA39: =sum(V39:Z39) -> 5
A40: 455 | B40: Ian Yung Yi En | C40: Active | D40: 46083 | F40: 2 Wed 7:30-8:30pm | G40: Veritas | H40: Mandy | I40: 46083 | J40: Mobile Coding | K40: FALSE | M40: =INT((TODAY() - I40) / 7) -> 6 | O40: =IFERROR(__xludf.DUMMYFUNCTION("IFERROR( TEXT( MAX(FILTER(Remark!A:A, TRIM(Remark!B:B) = TRIM(B40))), ""dd/mm/yyyy"" ) & "" - "" & FILTER( Remark!C:C, TRIM(Remark!B:B) = TRIM(B40), Remark!A:A = MAX(FILTER(Remark!A:A, TRIM(Remark!B:B) = TRIM(B40))) ), """" )"),"") | P40: =IFERROR(__xludf.DUMMYFUNCTION("TEXTJOIN(CHAR(10), TRUE, IFERROR( FILTER(TEXT(Remark!A:A, ""dd/mm/yyyy"") & "" - "" & Remark!C:C, TRIM(Remark!B:B) = TRIM(B40)), """" ))"),"") | Q40: =IFERROR(__xludf.DUMMYFUNCTION("IFERROR( FILTER( Remark!D:D, Remark!A:A = MAX(FILTER(Remark!A:A, TRIM(Remark!B:B) = TRIM(B40))) ), """" )"),"") | R40: =IFS(M40<=30, "Learning", AND(M40>30, M40<=40),"Starting Final Project", M40>40, "Prepare for Showcase") -> Learning | S40: FALSE | T40: Ian/Abigail - Chumbaka | X40: 2 | Y40: 1 | AA40: =sum(V40:Z40) -> 3
A41: 456 | B41: Abigail Yung Qi En | C41: Active | D41: 46083 | F41: 2 Wed 7:30-8:30pm | G41: Veritas | H41: Mandy | I41: 46083 | J41: Mobile Coding | K41: FALSE | M41: =INT((TODAY() - I41) / 7) -> 6 | O41: =IFERROR(__xludf.DUMMYFUNCTION("IFERROR( TEXT( MAX(FILTER(Remark!A:A, TRIM(Remark!B:B) = TRIM(B41))), ""dd/mm/yyyy"" ) & "" - "" & FILTER( Remark!C:C, TRIM(Remark!B:B) = TRIM(B41), Remark!A:A = MAX(FILTER(Remark!A:A, TRIM(Remark!B:B) = TRIM(B41))) ), """" )"),"") | P41: =IFERROR(__xludf.DUMMYFUNCTION("TEXTJOIN(CHAR(10), TRUE, IFERROR( FILTER(TEXT(Remark!A:A, ""dd/mm/yyyy"") & "" - "" & Remark!C:C, TRIM(Remark!B:B) = TRIM(B41)), """" ))"),"") | Q41: =IFERROR(__xludf.DUMMYFUNCTION("IFERROR( FILTER( Remark!D:D, Remark!A:A = MAX(FILTER(Remark!A:A, TRIM(Remark!B:B) = TRIM(B41))) ), """" )"),"") | R41: =IFS(M41<=30, "Learning", AND(M41>30, M41<=40),"Starting Final Project", M41>40, "Prepare for Showcase") -> Learning | S41: FALSE | T41: Ian/Abigail - Chumbaka | X41: 2 | Y41: 1 | AA41: =sum(V41:Z41) -> 3
A42: 460 | B42: Joanna Ling Zhi Hui | C42: Active | D42: 46085 | F42: 2 Wed 7:30-8:30pm | G42: Veritas | H42: Mandy | I42: 46085 | J42: Mobile Coding | K42: FALSE | M42: =INT((TODAY() - I42) / 7) -> 6 | O42: =IFERROR(__xludf.DUMMYFUNCTION("IFERROR( TEXT( MAX(FILTER(Remark!A:A, TRIM(Remark!B:B) = TRIM(B42))), ""dd/mm/yyyy"" ) & "" - "" & FILTER( Remark!C:C, TRIM(Remark!B:B) = TRIM(B42), Remark!A:A = MAX(FILTER(Remark!A:A, TRIM(Remark!B:B) = TRIM(B42))) ), """" )"),"") | P42: =IFERROR(__xludf.DUMMYFUNCTION("TEXTJOIN(CHAR(10), TRUE, IFERROR( FILTER(TEXT(Remark!A:A, ""dd/mm/yyyy"") & "" - "" & Remark!C:C, TRIM(Remark!B:B) = TRIM(B42)), """" ))"),"") | Q42: =IFERROR(__xludf.DUMMYFUNCTION("IFERROR( FILTER( Remark!D:D, Remark!A:A = MAX(FILTER(Remark!A:A, TRIM(Remark!B:B) = TRIM(B42))) ), """" )"),"") | R42: =IFS(M42<=30, "Learning", AND(M42>30, M42<=40),"Starting Final Project", M42>40, "Prepare for Showcase") -> Learning | S42: FALSE | T42: Joanna Ling - Chumbaka | X42: 1 | Y42: 1 | AA42: =sum(V42:Z42) -> 2
A43: 303 | B43: Eunice Tiong Jia Yi | C43: Active | D43: 45663 | F43: 2 Wed 7:30-8:30pm | G43: Veritas | H43: Max | I43: 45873 | J43: Coding and Algorithm | K43: TRUE | M43: =INT((TODAY() - I43) / 7) -> 36 | O43: =IFERROR(__xludf.DUMMYFUNCTION("IFERROR( TEXT( MAX(FILTER(Remark!A:A, TRIM(Remark!B:B) = TRIM(B43))), ""dd/mm/yyyy"" ) & "" - "" & FILTER( Remark!C:C, TRIM(Remark!B:B) = TRIM(B43), Remark!A:A = MAX(FILTER(Remark!A:A, TRIM(Remark!B:B) = TRIM(B43))) ), """" )"),"") | P43: =IFERROR(__xludf.DUMMYFUNCTION("TEXTJOIN(CHAR(10), TRUE, IFERROR( FILTER(TEXT(Remark!A:A, ""dd/mm/yyyy"") & "" - "" & Remark!C:C, TRIM(Remark!B:B) = TRIM(B43)), """" ))"),"") | Q43: =IFERROR(__xludf.DUMMYFUNCTION("IFERROR( FILTER( Remark!D:D, Remark!A:A = MAX(FILTER(Remark!A:A, TRIM(Remark!B:B) = TRIM(B43))) ), """" )"),"") | R43: =IFS(M43<=30, "Learning", AND(M43>30, M43<=40),"Starting Final Project", M43>40, "Prepare for Showcase") -> Starting Final Project | T43: Gavin/Eunice - Chumbaka | U43: 7 | V43: 1 | X43: 1 | Y43: 1 | AA43: =sum(V43:Z43) -> 3
A44: 424 | B44: Owen Huong Ke Xiang | C44: Active | D44: 46036 | F44: 2 Wed 7:30-8:30pm | G44: Veritas | H44: Max | I44: 46036 | J44: Digital Animation | K44: FALSE | M44: =INT((TODAY() - I44) / 7) -> 13 | O44: =IFERROR(__xludf.DUMMYFUNCTION("IFERROR( TEXT( MAX(FILTER(Remark!A:A, TRIM(Remark!B:B) = TRIM(B44))), ""dd/mm/yyyy"" ) & "" - "" & FILTER( Remark!C:C, TRIM(Remark!B:B) = TRIM(B44), Remark!A:A = MAX(FILTER(Remark!A:A, TRIM(Remark!B:B) = TRIM(B44))) ), """" )"),"") | P44: =IFERROR(__xludf.DUMMYFUNCTION("TEXTJOIN(CHAR(10), TRUE, IFERROR( FILTER(TEXT(Remark!A:A, ""dd/mm/yyyy"") & "" - "" & Remark!C:C, TRIM(Remark!B:B) = TRIM(B44)), """" ))"),"") | Q44: =IFERROR(__xludf.DUMMYFUNCTION("IFERROR( FILTER( Remark!D:D, Remark!A:A = MAX(FILTER(Remark!A:A, TRIM(Remark!B:B) = TRIM(B44))) ), """" )"),"") | R44: =IFS(M44<=30, "Learning", AND(M44>30, M44<=40),"Starting Final Project", M44>40, "Prepare for Showcase") -> Learning | T44: Owen Huong - Chumbaka | Y44: 2 | AA44: =sum(V44:Z44) -> 2
A45: 440 | B45: Ian lee Jing Ming | C45: Active | D45: 46045 | F45: 2 Wed 7:30-8:30pm | G45: Veritas | H45: Max | I45: 46060 | J45: Digital Animation | K45: FALSE | M45: =INT((TODAY() - I45) / 7) -> 10 | O45: =IFERROR(__xludf.DUMMYFUNCTION("IFERROR( TEXT( MAX(FILTER(Remark!A:A, TRIM(Remark!B:B) = TRIM(B45))), ""dd/mm/yyyy"" ) & "" - "" & FILTER( Remark!C:C, TRIM(Remark!B:B) = TRIM(B45), Remark!A:A = MAX(FILTER(Remark!A:A, TRIM(Remark!B:B) = TRIM(B45))) ), """" )"),"") | P45: =IFERROR(__xludf.DUMMYFUNCTION("TEXTJOIN(CHAR(10), TRUE, IFERROR( FILTER(TEXT(Remark!A:A, ""dd/mm/yyyy"") & "" - "" & Remark!C:C, TRIM(Remark!B:B) = TRIM(B45)), """" ))"),"") | Q45: =IFERROR(__xludf.DUMMYFUNCTION("IFERROR( FILTER( Remark!D:D, Remark!A:A = MAX(FILTER(Remark!A:A, TRIM(Remark!B:B) = TRIM(B45))) ), """" )"),"") | R45: =IFS(M45<=30, "Learning", AND(M45>30, M45<=40),"Starting Final Project", M45>40, "Prepare for Showcase") -> Learning | T45: Ian Lee - Chumbaka | X45: 1 | Y45: 2 | AA45: =sum(V45:Z45) -> 3
A46: 476 | B46: John Sia Wee Yan | C46: Active | D46: 46114 | F46: 3 Thu 7:30-8:30pm | G46: Veritas | H46: Caleb | I46: 46114 | J46: Mobile Coding | K46: FALSE | M46: =INT((TODAY() - I46) / 7) -> 2 | O46: =IFERROR(__xludf.DUMMYFUNCTION("IFERROR( TEXT( MAX(FILTER(Remark!A:A, TRIM(Remark!B:B) = TRIM(B46))), ""dd/mm/yyyy"" ) & "" - "" & FILTER( Remark!C:C, TRIM(Remark!B:B) = TRIM(B46), Remark!A:A = MAX(FILTER(Remark!A:A, TRIM(Remark!B:B) = TRIM(B46))) ), """" )"),"") | P46: =IFERROR(__xludf.DUMMYFUNCTION("TEXTJOIN(CHAR(10), TRUE, IFERROR( FILTER(TEXT(Remark!A:A, ""dd/mm/yyyy"") & "" - "" & Remark!C:C, TRIM(Remark!B:B) = TRIM(B46)), """" ))"),"") | Q46: =IFERROR(__xludf.DUMMYFUNCTION("IFERROR( FILTER( Remark!D:D, Remark!A:A = MAX(FILTER(Remark!A:A, TRIM(Remark!B:B) = TRIM(B46))) ), """" )"),"") | R46: =IFS(M46<=30, "Learning", AND(M46>30, M46<=40),"Starting Final Project", M46>40, "Prepare for Showcase") -> Learning | S46: FALSE | T46: John/Tiffany - Chumbaka | Y46: 1 | AA46: =sum(V46:Z46) -> 1
A47: 477 | B47: Tiffany Sia SIiu Yee | C47: Active | D47: 46114 | F47: 3 Thu 7:30-8:30pm | G47: Veritas | H47: Caleb | I47: 46114 | J47: Mobile Coding | K47: FALSE | M47: =INT((TODAY() - I47) / 7) -> 2 | O47: =IFERROR(__xludf.DUMMYFUNCTION("IFERROR( TEXT( MAX(FILTER(Remark!A:A, TRIM(Remark!B:B) = TRIM(B47))), ""dd/mm/yyyy"" ) & "" - "" & FILTER( Remark!C:C, TRIM(Remark!B:B) = TRIM(B47), Remark!A:A = MAX(FILTER(Remark!A:A, TRIM(Remark!B:B) = TRIM(B47))) ), """" )"),"") | P47: =IFERROR(__xludf.DUMMYFUNCTION("TEXTJOIN(CHAR(10), TRUE, IFERROR( FILTER(TEXT(Remark!A:A, ""dd/mm/yyyy"") & "" - "" & Remark!C:C, TRIM(Remark!B:B) = TRIM(B47)), """" ))"),"") | Q47: =IFERROR(__xludf.DUMMYFUNCTION("IFERROR( FILTER( Remark!D:D, Remark!A:A = MAX(FILTER(Remark!A:A, TRIM(Remark!B:B) = TRIM(B47))) ), """" )"),"") | R47: =IFS(M47<=30, "Learning", AND(M47>30, M47<=40),"Starting Final Project", M47>40, "Prepare for Showcase") -> Learning | S47: FALSE | T47: John/Tiffany - Chumbaka | Y47: 1 | AA47: =sum(V47:Z47) -> 1
A48: 8 | B48: Kingsley Kiing Kiu Yik | C48: Active | D48: 44532 | F48: 4 Sat 9:00-10:00am | G48: Veritas | H48: Damian | I48: 46027 | J48: Mobile Apps Development | K48: TRUE | M48: =INT((TODAY() - I48) / 7) -> 14 | O48: =IFERROR(__xludf.DUMMYFUNCTION("IFERROR( TEXT( MAX(FILTER(Remark!A:A, TRIM(Remark!B:B) = TRIM(B48))), ""dd/mm/yyyy"" ) & "" - "" & FILTER( Remark!C:C, TRIM(Remark!B:B) = TRIM(B48), Remark!A:A = MAX(FILTER(Remark!A:A, TRIM(Remark!B:B) = TRIM(B48))) ), """" )"),"") | P48: =IFERROR(__xludf.DUMMYFUNCTION("TEXTJOIN(CHAR(10), TRUE, IFERROR( FILTER(TEXT(Remark!A:A, ""dd/mm/yyyy"") & "" - "" & Remark!C:C, TRIM(Remark!B:B) = TRIM(B48)), """" ))"),"") | Q48: =IFERROR(__xludf.DUMMYFUNCTION("IFERROR( FILTER( Remark!D:D, Remark!A:A = MAX(FILTER(Remark!A:A, TRIM(Remark!B:B) = TRIM(B48))) ), """" )"),"") | R48: =IFS(M48<=30, "Learning", AND(M48>30, M48<=40),"Starting Final Project", M48>40, "Prepare for Showcase") -> Learning | T48: Kingsley - Chumbaka | U48: 3 | X48: 1 | AA48: =sum(V48:Z48) -> 1
A49: 74 | B49: Melvin Tiong Meng Han | C49: Active | D49: 44532 | F49: 4 Sat 9:00-10:00am | G49: Veritas | H49: Damian | I49: 46033 | J49: AI with Python | K49: TRUE | M49: =INT((TODAY() - I49) / 7) -> 13 | O49: =IFERROR(__xludf.DUMMYFUNCTION("IFERROR( TEXT( MAX(FILTER(Remark!A:A, TRIM(Remark!B:B) = TRIM(B49))), ""dd/mm/yyyy"" ) & "" - "" & FILTER( Remark!C:C, TRIM(Remark!B:B) = TRIM(B49), Remark!A:A = MAX(FILTER(Remark!A:A, TRIM(Remark!B:B) = TRIM(B49))) ), """" )"),"") | P49: =IFERROR(__xludf.DUMMYFUNCTION("TEXTJOIN(CHAR(10), TRUE, IFERROR( FILTER(TEXT(Remark!A:A, ""dd/mm/yyyy"") & "" - "" & Remark!C:C, TRIM(Remark!B:B) = TRIM(B49)), """" ))"),"") | Q49: =IFERROR(__xludf.DUMMYFUNCTION("IFERROR( FILTER( Remark!D:D, Remark!A:A = MAX(FILTER(Remark!A:A, TRIM(Remark!B:B) = TRIM(B49))) ), """" )"),"") | R49: =IFS(M49<=30, "Learning", AND(M49>30, M49<=40),"Starting Final Project", M49>40, "Prepare for Showcase") -> Learning | T49: Melvin - Chumbaka | U49: 2 | X49: 2 | Y49: 1 | AA49: =sum(V49:Z49) -> 3
A50: 141 | B50: Ethan Lau Hui Hong | C50: Active | D50: 45120 | F50: 4 Sat 9:00-10:00am | G50: Veritas | H50: Damian | I50: 46039 | J50: Mobile Apps Development | K50: TRUE | M50: =INT((TODAY() - I50) / 7) -> 13 | O50: =IFERROR(__xludf.DUMMYFUNCTION("IFERROR( TEXT( MAX(FILTER(Remark!A:A, TRIM(Remark!B:B) = TRIM(B50))), ""dd/mm/yyyy"" ) & "" - "" & FILTER( Remark!C:C, TRIM(Remark!B:B) = TRIM(B50), Remark!A:A = MAX(FILTER(Remark!A:A, TRIM(Remark!B:B) = TRIM(B50))) ), """" )"),"") | P50: =IFERROR(__xludf.DUMMYFUNCTION("TEXTJOIN(CHAR(10), TRUE, IFERROR( FILTER(TEXT(Remark!A:A, ""dd/mm/yyyy"") & "" - "" & Remark!C:C, TRIM(Remark!B:B) = TRIM(B50)), """" ))"),"") | Q50: =IFERROR(__xludf.DUMMYFUNCTION("IFERROR( FILTER( Remark!D:D, Remark!A:A = MAX(FILTER(Remark!A:A, TRIM(Remark!B:B) = TRIM(B50))) ), """" )"),"") | R50: =IFS(M50<=30, "Learning", AND(M50>30, M50<=40),"Starting Final Project", M50>40, "Prepare for Showcase") -> Learning | T50: Ethan Lau - CHUMBAKA | U50: 1 | V50: 1 | W50: 1 | X50: 1 | Y50: 1 | AA50: =sum(V50:Z50) -> 4
A51: 184 | B51: Jayden Ling Xian Yang | C51: Active | D51: 45191 | F51: 4 Sat 9:00-10:00am | G51: Veritas | H51: Damian | I51: 46039 | J51: Game Development | K51: TRUE | M51: =INT((TODAY() - I51) / 7) -> 13 | O51: =IFERROR(__xludf.DUMMYFUNCTION("IFERROR( TEXT( MAX(FILTER(Remark!A:A, TRIM(Remark!B:B) = TRIM(B51))), ""dd/mm/yyyy"" ) & "" - "" & FILTER( Remark!C:C, TRIM(Remark!B:B) = TRIM(B51), Remark!A:A = MAX(FILTER(Remark!A:A, TRIM(Remark!B:B) = TRIM(B51))) ), """" )"),"09/10/2025 - [Caleb] Has begun his final project. Mentor was advised to set a timeline together with student to ensure there is sufficient time for preparation before the year-end showcase.") -> 09/10/2025 - [Caleb] Has begun his final project. Mentor was advised to set a timeline together with student to ensure there is sufficient time for preparation before the year-end showcase. | P51: =IFERROR(__xludf.DUMMYFUNCTION("TEXTJOIN(CHAR(10), TRUE, IFERROR( FILTER(TEXT(Remark!A:A, ""dd/mm/yyyy"") & "" - "" & Remark!C:C, TRIM(Remark!B:B) = TRIM(B51)), """" ))"),"04/10/2025 - [Vincent] lack of arduino knowledge, it may delay project showcase. 09/10/2025 - [Caleb] Has begun his final project. Mentor was advised to set a timeline together with student to ensure there is sufficient time for preparation before the ye"&"ar-end showcase.") -> 04/10/2025 - [Vincent] lack of arduino knowledge, it may delay project showcase. 09/10/2025 - [Caleb] Has begun his final project. Mentor was advised to set a timeline together with student to ensure there is sufficient time for preparation before the year-end showcase. | Q51: =IFERROR(__xludf.DUMMYFUNCTION("IFERROR( FILTER( Remark!D:D, Remark!A:A = MAX(FILTER(Remark!A:A, TRIM(Remark!B:B) = TRIM(B51))) ), """" )"),"Yes") -> Yes | R51: =IFS(M51<=30, "Learning", AND(M51>30, M51<=40),"Starting Final Project", M51>40, "Prepare for Showcase") -> Learning | T51: Jayden Ling - Chumbaka | U51: 6 | X51: 2 | Y51: 1 | AA51: =sum(V51:Z51) -> 3
A52: 104 | B52: Arielle Lee Zeng See | C52: Active | D52: 44879 | F52: 4 Sat 9:00-10:00am | G52: Veritas | H52: Enouch | I52: 45759 | J52: Physical Computing | K52: TRUE | M52: =INT((TODAY() - I52) / 7) -> 53 | O52: =IFERROR(__xludf.DUMMYFUNCTION("IFERROR( TEXT( MAX(FILTER(Remark!A:A, TRIM(Remark!B:B) = TRIM(B52))), ""dd/mm/yyyy"" ) & "" - "" & FILTER( Remark!C:C, TRIM(Remark!B:B) = TRIM(B52), Remark!A:A = MAX(FILTER(Remark!A:A, TRIM(Remark!B:B) = TRIM(B52))) ), """" )"),"16/10/2025 - [Caleb] The student has a missing project from B2 and is currently working on the C2 project. The mentor is advised to follow up on the missing project to ensure completion. Additionally, the student is a bit shy to communicate.") -> 16/10/2025 - [Caleb] The student has a missing project from B2 and is currently working on the C2 project. The mentor is advised to follow up on the missing project to ensure completion. Additionally, the student is a bit shy to communicate. | P52: =IFERROR(__xludf.DUMMYFUNCTION("TEXTJOIN(CHAR(10), TRUE, IFERROR( FILTER(TEXT(Remark!A:A, ""dd/mm/yyyy"") & "" - "" & Remark!C:C, TRIM(Remark!B:B) = TRIM(B52)), """" ))"),"16/10/2025 - [Caleb] The student has a missing project from B2 and is currently working on the C2 project. The mentor is advised to follow up on the missing project to ensure completion. Additionally, the student is a bit shy to communicate.") -> 16/10/2025 - [Caleb] The student has a missing project from B2 and is currently working on the C2 project. The mentor is advised to follow up on the missing project to ensure completion. Additionally, the student is a bit shy to communicate. | Q52: =IFERROR(__xludf.DUMMYFUNCTION("IFERROR( FILTER( Remark!D:D, Remark!A:A = MAX(FILTER(Remark!A:A, TRIM(Remark!B:B) = TRIM(B52))) ), """" )"),"Yes") -> Yes | R52: =IFS(M52<=30, "Learning", AND(M52>30, M52<=40),"Starting Final Project", M52>40, "Prepare for Showcase") -> Prepare for Showcase | S52: TRUE | T52: Arielle/Ayden - Chumbaka | U52: 1 | X52: 1 | AA52: =sum(V52:Z52) -> 1
A53: 224 | B53: Clarence Ting Yong Wei | C53: Active | D53: 45353 | F53: 4 Sat 9:00-10:00am | G53: Veritas | H53: Enouch | I53: 46032 | J53: Coding and Algorithm | K53: TRUE | M53: =INT((TODAY() - I53) / 7) -> 14 | O53: =IFERROR(__xludf.DUMMYFUNCTION("IFERROR( TEXT( MAX(FILTER(Remark!A:A, TRIM(Remark!B:B) = TRIM(B53))), ""dd/mm/yyyy"" ) & "" - "" & FILTER( Remark!C:C, TRIM(Remark!B:B) = TRIM(B53), Remark!A:A = MAX(FILTER(Remark!A:A, TRIM(Remark!B:B) = TRIM(B53))) ), """" )"),"16/10/2025 - [Caleb] The student has already started preparing for the final project. Reminder for mentor: Once the student completes the project, provide feedback for improvement and enhancement to help the student refine the final outcome.") -> 16/10/2025 - [Caleb] The student has already started preparing for the final project. Reminder for mentor: Once the student completes the project, provide feedback for improvement and enhancement to help the student refine the final outcome. | P53: =IFERROR(__xludf.DUMMYFUNCTION("TEXTJOIN(CHAR(10), TRUE, IFERROR( FILTER(TEXT(Remark!A:A, ""dd/mm/yyyy"") & "" - "" & Remark!C:C, TRIM(Remark!B:B) = TRIM(B53)), """" ))"),"16/10/2025 - [Caleb] The student has already started preparing for the final project. Reminder for mentor: Once the student completes the project, provide feedback for improvement and enhancement to help the student refine the final outcome.") -> 16/10/2025 - [Caleb] The student has already started preparing for the final project. Reminder for mentor: Once the student completes the project, provide feedback for improvement and enhancement to help the student refine the final outcome. | Q53: =IFERROR(__xludf.DUMMYFUNCTION("IFERROR( FILTER( Remark!D:D, Remark!A:A = MAX(FILTER(Remark!A:A, TRIM(Remark!B:B) = TRIM(B53))) ), """" )"),"Yes") -> Yes | R53: =IFS(M53<=30, "Learning", AND(M53>30, M53<=40),"Starting Final Project", M53>40, "Prepare for Showcase") -> Learning | T53: Clement/Clarence - Chumbaka | U53: 7 | V53: 1 | X53: 1 | AA53: =sum(V53:Z53) -> 2
A54: 409 | B54: Isaac Tiong Yong Yi | C54: Active | D54: 45966 | F54: 4 Sat 9:00-10:00am | G54: Veritas | H54: Enouch | I54: 45963 | J54: Creative Computing | K54: FALSE | M54: =INT((TODAY() - I54) / 7) -> 23 | O54: =IFERROR(__xludf.DUMMYFUNCTION("IFERROR( TEXT( MAX(FILTER(Remark!A:A, TRIM(Remark!B:B) = TRIM(B54))), ""dd/mm/yyyy"" ) & "" - "" & FILTER( Remark!C:C, TRIM(Remark!B:B) = TRIM(B54), Remark!A:A = MAX(FILTER(Remark!A:A, TRIM(Remark!B:B) = TRIM(B54))) ), """" )"),"") | P54: =IFERROR(__xludf.DUMMYFUNCTION("TEXTJOIN(CHAR(10), TRUE, IFERROR( FILTER(TEXT(Remark!A:A, ""dd/mm/yyyy"") & "" - "" & Remark!C:C, TRIM(Remark!B:B) = TRIM(B54)), """" ))"),"") | Q54: =IFERROR(__xludf.DUMMYFUNCTION("IFERROR( FILTER( Remark!D:D, Remark!A:A = MAX(FILTER(Remark!A:A, TRIM(Remark!B:B) = TRIM(B54))) ), """" )"),"") | R54: =IFS(M54<=30, "Learning", AND(M54>30, M54<=40),"Starting Final Project", M54>40, "Prepare for Showcase") -> Learning | T54: Ethan Tiong/Isaac Tiong - Chumbaka | U54: 1 | W54: 1 | X54: 1 | AA54: =sum(V54:Z54) -> 2
A55: 445 | B55: Noah Tiong Xun Rong | C55: Active | D55: 46055 | F55: 4 Sat 9:00-10:00am | G55: Veritas | H55: Enouch | I55: 46061 | J55: Mobile Coding | K55: FALSE | M55: =INT((TODAY() - I55) / 7) -> 9 | O55: =IFERROR(__xludf.DUMMYFUNCTION("IFERROR( TEXT( MAX(FILTER(Remark!A:A, TRIM(Remark!B:B) = TRIM(B55))), ""dd/mm/yyyy"" ) & "" - "" & FILTER( Remark!C:C, TRIM(Remark!B:B) = TRIM(B55), Remark!A:A = MAX(FILTER(Remark!A:A, TRIM(Remark!B:B) = TRIM(B55))) ), """" )"),"") | P55: =IFERROR(__xludf.DUMMYFUNCTION("TEXTJOIN(CHAR(10), TRUE, IFERROR( FILTER(TEXT(Remark!A:A, ""dd/mm/yyyy"") & "" - "" & Remark!C:C, TRIM(Remark!B:B) = TRIM(B55)), """" ))"),"") | Q55: =IFERROR(__xludf.DUMMYFUNCTION("IFERROR( FILTER( Remark!D:D, Remark!A:A = MAX(FILTER(Remark!A:A, TRIM(Remark!B:B) = TRIM(B55))) ), """" )"),"") | R55: =IFS(M55<=30, "Learning", AND(M55>30, M55<=40),"Starting Final Project", M55>40, "Prepare for Showcase") -> Learning | S55: FALSE | T55: Noah Tiong - Chumbaka | X55: 1 | AA55: =sum(V55:Z55) -> 1
A56: 18 | B56: Clement Ting Yong Rui | C56: Active | D56: 44442 | F56: 4 Sat 9:00-10:00am | G56: Veritas | H56: Kerry | I56: 46032 | J56: HCI and Machine Learning | K56: TRUE | M56: =INT((TODAY() - I56) / 7) -> 14 | O56: =IFERROR(__xludf.DUMMYFUNCTION("IFERROR( TEXT( MAX(FILTER(Remark!A:A, TRIM(Remark!B:B) = TRIM(B56))), ""dd/mm/yyyy"" ) & "" - "" & FILTER( Remark!C:C, TRIM(Remark!B:B) = TRIM(B56), Remark!A:A = MAX(FILTER(Remark!A:A, TRIM(Remark!B:B) = TRIM(B56))) ), """" )"),"") | P56: =IFERROR(__xludf.DUMMYFUNCTION("TEXTJOIN(CHAR(10), TRUE, IFERROR( FILTER(TEXT(Remark!A:A, ""dd/mm/yyyy"") & "" - "" & Remark!C:C, TRIM(Remark!B:B) = TRIM(B56)), """" ))"),"") | Q56: =IFERROR(__xludf.DUMMYFUNCTION("IFERROR( FILTER( Remark!D:D, Remark!A:A = MAX(FILTER(Remark!A:A, TRIM(Remark!B:B) = TRIM(B56))) ), """" )"),"") | R56: =IFS(M56<=30, "Learning", AND(M56>30, M56<=40),"Starting Final Project", M56>40, "Prepare for Showcase") -> Learning | T56: Clement/Clarence - Chumbaka | U56: 2 | W56: 1 | X56: 1 | Y56: 1 | AA56: =sum(V56:Z56) -> 3
A57: 291 | B57: Gia Lim Jia En | C57: Active | D57: 45604 | F57: 4 Sat 9:00-10:00am | G57: Veritas | H57: Kerry | I57: 45990 | J57: Coding and Algorithm | K57: TRUE | M57: =INT((TODAY() - I57) / 7) -> 20 | O57: =IFERROR(__xludf.DUMMYFUNCTION("IFERROR( TEXT( MAX(FILTER(Remark!A:A, TRIM(Remark!B:B) = TRIM(B57))), ""dd/mm/yyyy"" ) & "" - "" & FILTER( Remark!C:C, TRIM(Remark!B:B) = TRIM(B57), Remark!A:A = MAX(FILTER(Remark!A:A, TRIM(Remark!B:B) = TRIM(B57))) ), """" )"),"") | P57: =IFERROR(__xludf.DUMMYFUNCTION("TEXTJOIN(CHAR(10), TRUE, IFERROR( FILTER(TEXT(Remark!A:A, ""dd/mm/yyyy"") & "" - "" & Remark!C:C, TRIM(Remark!B:B) = TRIM(B57)), """" ))"),"") | Q57: =IFERROR(__xludf.DUMMYFUNCTION("IFERROR( FILTER( Remark!D:D, Remark!A:A = MAX(FILTER(Remark!A:A, TRIM(Remark!B:B) = TRIM(B57))) ), """" )"),"") | R57: =IFS(M57<=30, "Learning", AND(M57>30, M57<=40),"Starting Final Project", M57>40, "Prepare for Showcase") -> Learning | T57: Gia - Chumbaka | U57: 8 | V57: 1 | X57: 1 | Y57: 1 | AA57: =sum(V57:Z57) -> 3
A58: 408 | B58: Ethan Tiong Yong Xin | C58: Active | D58: 45966 | F58: 4 Sat 9:00-10:00am | G58: Veritas | H58: Kerry | I58: 45963 | J58: Physical Computing | K58: FALSE | M58: =INT((TODAY() - I58) / 7) -> 23 | O58: =IFERROR(__xludf.DUMMYFUNCTION("IFERROR( TEXT( MAX(FILTER(Remark!A:A, TRIM(Remark!B:B) = TRIM(B58))), ""dd/mm/yyyy"" ) & "" - "" & FILTER( Remark!C:C, TRIM(Remark!B:B) = TRIM(B58), Remark!A:A = MAX(FILTER(Remark!A:A, TRIM(Remark!B:B) = TRIM(B58))) ), """" )"),"") | P58: =IFERROR(__xludf.DUMMYFUNCTION("TEXTJOIN(CHAR(10), TRUE, IFERROR( FILTER(TEXT(Remark!A:A, ""dd/mm/yyyy"") & "" - "" & Remark!C:C, TRIM(Remark!B:B) = TRIM(B58)), """" ))"),"") | Q58: =IFERROR(__xludf.DUMMYFUNCTION("IFERROR( FILTER( Remark!D:D, Remark!A:A = MAX(FILTER(Remark!A:A, TRIM(Remark!B:B) = TRIM(B58))) ), """" )"),"") | R58: =IFS(M58<=30, "Learning", AND(M58>30, M58<=40),"Starting Final Project", M58>40, "Prepare for Showcase") -> Learning | T58: Ethan Tiong/Isaac Tiong - Chumbaka | U58: 2 | V58: 1 | W58: 1 | X58: 1 | Y58: 1 | AA58: =sum(V58:Z58) -> 4
A59: 412 | B59: Cody Chan Shan Yu | C59: Active | D59: 45979 | F59: 4 Sat 9:00-10:00am | G59: Veritas | H59: Kerry | I59: 45983 | J59: Creative Computing | K59: FALSE | M59: =INT((TODAY() - I59) / 7) -> 21 | O59: =IFERROR(__xludf.DUMMYFUNCTION("IFERROR( TEXT( MAX(FILTER(Remark!A:A, TRIM(Remark!B:B) = TRIM(B59))), ""dd/mm/yyyy"" ) & "" - "" & FILTER( Remark!C:C, TRIM(Remark!B:B) = TRIM(B59), Remark!A:A = MAX(FILTER(Remark!A:A, TRIM(Remark!B:B) = TRIM(B59))) ), """" )"),"") | P59: =IFERROR(__xludf.DUMMYFUNCTION("TEXTJOIN(CHAR(10), TRUE, IFERROR( FILTER(TEXT(Remark!A:A, ""dd/mm/yyyy"") & "" - "" & Remark!C:C, TRIM(Remark!B:B) = TRIM(B59)), """" ))"),"") | Q59: =IFERROR(__xludf.DUMMYFUNCTION("IFERROR( FILTER( Remark!D:D, Remark!A:A = MAX(FILTER(Remark!A:A, TRIM(Remark!B:B) = TRIM(B59))) ), """" )"),"") | R59: =IFS(M59<=30, "Learning", AND(M59>30, M59<=40),"Starting Final Project", M59>40, "Prepare for Showcase") -> Learning | T59: Cody Chan - Chumbaka | U59: 1 | V59: 1 | W59: 1 | X59: 1 | AA59: =sum(V59:Z59) -> 3
A60: 65 | B60: Jonas Wong Qin En | C60: Active | D60: 44606 | F60: 5 Sat 10:00-11:00am | G60: Veritas | H60: Damian | I60: 46037 | J60: 3D Design for AR and VR | K60: TRUE | M60: =INT((TODAY() - I60) / 7) -> 13 | O60: =IFERROR(__xludf.DUMMYFUNCTION("IFERROR( TEXT( MAX(FILTER(Remark!A:A, TRIM(Remark!B:B) = TRIM(B60))), ""dd/mm/yyyy"" ) & "" - "" & FILTER( Remark!C:C, TRIM(Remark!B:B) = TRIM(B60), Remark!A:A = MAX(FILTER(Remark!A:A, TRIM(Remark!B:B) = TRIM(B60))) ), """" )"),"06/11/2025 - [Caleb] Having attitude issue and frequently leaves the class with various reasons (e.g., finding food, taking items) and often returns late. Focus issue: Easily distracted and often chats with friends during class.") -> 06/11/2025 - [Caleb] Having attitude issue and frequently leaves the class with various reasons (e.g., finding food, taking items) and often returns late. Focus issue: Easily distracted and often chats with friends during class. | P60: =IFERROR(__xludf.DUMMYFUNCTION("TEXTJOIN(CHAR(10), TRUE, IFERROR( FILTER(TEXT(Remark!A:A, ""dd/mm/yyyy"") & "" - "" & Remark!C:C, TRIM(Remark!B:B) = TRIM(B60)), """" ))"),"06/11/2025 - [Caleb] Having attitude issue and frequently leaves the class with various reasons (e.g., finding food, taking items) and often returns late. Focus issue: Easily distracted and often chats with friends during class.") -> 06/11/2025 - [Caleb] Having attitude issue and frequently leaves the class with various reasons (e.g., finding food, taking items) and often returns late. Focus issue: Easily distracted and often chats with friends during class. | Q60: =IFERROR(__xludf.DUMMYFUNCTION("IFERROR( FILTER( Remark!D:D, Remark!A:A = MAX(FILTER(Remark!A:A, TRIM(Remark!B:B) = TRIM(B60))) ), """" )"),"No") -> No | R60: =IFS(M60<=30, "Learning", AND(M60>30, M60<=40),"Starting Final Project", M60>40, "Prepare for Showcase") -> Learning | T60: Joyce/Jonas (TH) - CHUMBAKA | U60: 1 | W60: 1 | AA60: =sum(V60:Z60) -> 1
A61: 136 | B61: Asher Lim Zhong Jie | C61: Active | D61: 45108 | F61: 5 Sat 10:00-11:00am | G61: Veritas | H61: Damian | I61: 46081 | J61: AI with Python | K61: TRUE | M61: =INT((TODAY() - I61) / 7) -> 7 | N61: Mobile Apps Development Showcase | O61: =IFERROR(__xludf.DUMMYFUNCTION("IFERROR( TEXT( MAX(FILTER(Remark!A:A, TRIM(Remark!B:B) = TRIM(B61))), ""dd/mm/yyyy"" ) & "" - "" & FILTER( Remark!C:C, TRIM(Remark!B:B) = TRIM(B61), Remark!A:A = MAX(FILTER(Remark!A:A, TRIM(Remark!B:B) = TRIM(B61))) ), """" )"),"") | P61: =IFERROR(__xludf.DUMMYFUNCTION("TEXTJOIN(CHAR(10), TRUE, IFERROR( FILTER(TEXT(Remark!A:A, ""dd/mm/yyyy"") & "" - "" & Remark!C:C, TRIM(Remark!B:B) = TRIM(B61)), """" ))"),"") | Q61: =IFERROR(__xludf.DUMMYFUNCTION("IFERROR( FILTER( Remark!D:D, Remark!A:A = MAX(FILTER(Remark!A:A, TRIM(Remark!B:B) = TRIM(B61))) ), """" )"),"") | R61: =IFS(M61<=30, "Learning", AND(M61>30, M61<=40),"Starting Final Project", M61>40, "Prepare for Showcase") -> Learning | S61: TRUE | T61: Asher/Nigel -CHUMBAKA | U61: 1 | V61: 1 | X61: 2 | AA61: =sum(V61:Z61) -> 3
A62: 261 | B62: Lau Yong | C62: Active | D62: 45850 | F62: 5 Sat 10:00-11:00am | G62: Veritas | H62: Damian | I62: 45864 | J62: Physical Computing | K62: TRUE | M62: =INT((TODAY() - I62) / 7) -> 38 | O62: =IFERROR(__xludf.DUMMYFUNCTION("IFERROR( TEXT( MAX(FILTER(Remark!A:A, TRIM(Remark!B:B) = TRIM(B62))), ""dd/mm/yyyy"" ) & "" - "" & FILTER( Remark!C:C, TRIM(Remark!B:B) = TRIM(B62), Remark!A:A = MAX(FILTER(Remark!A:A, TRIM(Remark!B:B) = TRIM(B62))) ), """" )"),"") | P62: =IFERROR(__xludf.DUMMYFUNCTION("TEXTJOIN(CHAR(10), TRUE, IFERROR( FILTER(TEXT(Remark!A:A, ""dd/mm/yyyy"") & "" - "" & Remark!C:C, TRIM(Remark!B:B) = TRIM(B62)), """" ))"),"") | Q62: =IFERROR(__xludf.DUMMYFUNCTION("IFERROR( FILTER( Remark!D:D, Remark!A:A = MAX(FILTER(Remark!A:A, TRIM(Remark!B:B) = TRIM(B62))) ), """" )"),"") | R62: =IFS(M62<=30, "Learning", AND(M62>30, M62<=40),"Starting Final Project", M62>40, "Prepare for Showcase") -> Starting Final Project | T62: Lau Yong/Lau Jyi Xian - Chumbaka | U62: 2 | W62: 1 | X62: 1 | Y62: 1 | AA62: =sum(V62:Z62) -> 3
A63: 262 | B63: Lau Jyi Xian | C63: Active | D63: 45850 | F63: 5 Sat 10:00-11:00am | G63: Veritas | H63: Damian | I63: 45752 | J63: Physical Computing | K63: TRUE | M63: =INT((TODAY() - I63) / 7) -> 54 | O63: =IFERROR(__xludf.DUMMYFUNCTION("IFERROR( TEXT( MAX(FILTER(Remark!A:A, TRIM(Remark!B:B) = TRIM(B63))), ""dd/mm/yyyy"" ) & "" - "" & FILTER( Remark!C:C, TRIM(Remark!B:B) = TRIM(B63), Remark!A:A = MAX(FILTER(Remark!A:A, TRIM(Remark!B:B) = TRIM(B63))) ), """" )"),"") | P63: =IFERROR(__xludf.DUMMYFUNCTION("TEXTJOIN(CHAR(10), TRUE, IFERROR( FILTER(TEXT(Remark!A:A, ""dd/mm/yyyy"") & "" - "" & Remark!C:C, TRIM(Remark!B:B) = TRIM(B63)), """" ))"),"") | Q63: =IFERROR(__xludf.DUMMYFUNCTION("IFERROR( FILTER( Remark!D:D, Remark!A:A = MAX(FILTER(Remark!A:A, TRIM(Remark!B:B) = TRIM(B63))) ), """" )"),"") | R63: =IFS(M63<=30, "Learning", AND(M63>30, M63<=40),"Starting Final Project", M63>40, "Prepare for Showcase") -> Prepare for Showcase | T63: Lau Yong/Lau Jyi Xian - Chumbaka | U63: 2 | V63: 1 | W63: 1 | X63: 1 | Y63: 1 | AA63: =sum(V63:Z63) -> 4
A64: 281 | B64: Abraham Anak Francis Engkala | C64: Active | D64: 45521 | F64: 5 Sat 10:00-11:00am | G64: Veritas | H64: Damian | I64: 46039 | J64: Game Development | K64: TRUE | M64: =INT((TODAY() - I64) / 7) -> 13 | O64: =IFERROR(__xludf.DUMMYFUNCTION("IFERROR( TEXT( MAX(FILTER(Remark!A:A, TRIM(Remark!B:B) = TRIM(B64))), ""dd/mm/yyyy"" ) & "" - "" & FILTER( Remark!C:C, TRIM(Remark!B:B) = TRIM(B64), Remark!A:A = MAX(FILTER(Remark!A:A, TRIM(Remark!B:B) = TRIM(B64))) ), """" )"),"08/10/2025 - [Caleb] Right now he is doing the final project dy and almost finish.") -> 08/10/2025 - [Caleb] Right now he is doing the final project dy and almost finish. | P64: =IFERROR(__xludf.DUMMYFUNCTION("TEXTJOIN(CHAR(10), TRUE, IFERROR( FILTER(TEXT(Remark!A:A, ""dd/mm/yyyy"") & "" - "" & Remark!C:C, TRIM(Remark!B:B) = TRIM(B64)), """" ))"),"01/10/2025 - [Caleb] Absent for too often, need follow up with Lam what is happening here 08/10/2025 - [Caleb] Right now he is doing the final project dy and almost finish.") -> 01/10/2025 - [Caleb] Absent for too often, need follow up with Lam what is happening here 08/10/2025 - [Caleb] Right now he is doing the final project dy and almost finish. | Q64: =IFERROR(__xludf.DUMMYFUNCTION("IFERROR( FILTER( Remark!D:D, Remark!A:A = MAX(FILTER(Remark!A:A, TRIM(Remark!B:B) = TRIM(B64))) ), """" )"),"Yes") -> Yes | R64: =IFS(M64<=30, "Learning", AND(M64>30, M64<=40),"Starting Final Project", M64>40, "Prepare for Showcase") -> Learning | T64: Abraham - Chumbaka | U64: 1 | V64: 1 | W64: 1 | AA64: =sum(V64:Z64) -> 2
A65: 26 | B65: Ko King Wei | C65: Active | D65: 44506 | F65: 5 Sat 10:00-11:00am | G65: Veritas | H65: Enouch | I65: 45213 | J65: Mobile Apps Development | K65: TRUE | M65: =INT((TODAY() - I65) / 7) -> 131 | O65: =IFERROR(__xludf.DUMMYFUNCTION("IFERROR( TEXT( MAX(FILTER(Remark!A:A, TRIM(Remark!B:B) = TRIM(B65))), ""dd/mm/yyyy"" ) & "" - "" & FILTER( Remark!C:C, TRIM(Remark!B:B) = TRIM(B65), Remark!A:A = MAX(FILTER(Remark!A:A, TRIM(Remark!B:B) = TRIM(B65))) ), """" )"),"") | P65: =IFERROR(__xludf.DUMMYFUNCTION("TEXTJOIN(CHAR(10), TRUE, IFERROR( FILTER(TEXT(Remark!A:A, ""dd/mm/yyyy"") & "" - "" & Remark!C:C, TRIM(Remark!B:B) = TRIM(B65)), """" ))"),"") | Q65: =IFERROR(__xludf.DUMMYFUNCTION("IFERROR( FILTER( Remark!D:D, Remark!A:A = MAX(FILTER(Remark!A:A, TRIM(Remark!B:B) = TRIM(B65))) ), """" )"),"") | R65: =IFS(M65<=30, "Learning", AND(M65>30, M65<=40),"Starting Final Project", M65>40, "Prepare for Showcase") -> Prepare for Showcase | S65: FALSE | T65: King Wei/King Hui - Chumbaka | AA65: =sum(V65:Z65) -> 0
A66: 27 | B66: Ko King Hui | C66: Active | D66: 44506 | F66: 5 Sat 10:00-11:00am | G66: Veritas | H66: Enouch | I66: 45213 | J66: Embedded System | K66: FALSE | M66: =INT((TODAY() - I66) / 7) -> 131 | O66: =IFERROR(__xludf.DUMMYFUNCTION("IFERROR( TEXT( MAX(FILTER(Remark!A:A, TRIM(Remark!B:B) = TRIM(B66))), ""dd/mm/yyyy"" ) & "" - "" & FILTER( Remark!C:C, TRIM(Remark!B:B) = TRIM(B66), Remark!A:A = MAX(FILTER(Remark!A:A, TRIM(Remark!B:B) = TRIM(B66))) ), """" )"),"") | P66: =IFERROR(__xludf.DUMMYFUNCTION("TEXTJOIN(CHAR(10), TRUE, IFERROR( FILTER(TEXT(Remark!A:A, ""dd/mm/yyyy"") & "" - "" & Remark!C:C, TRIM(Remark!B:B) = TRIM(B66)), """" ))"),"") | Q66: =IFERROR(__xludf.DUMMYFUNCTION("IFERROR( FILTER( Remark!D:D, Remark!A:A = MAX(FILTER(Remark!A:A, TRIM(Remark!B:B) = TRIM(B66))) ), """" )"),"") | R66: =IFS(M66<=30, "Learning", AND(M66>30, M66<=40),"Starting Final Project", M66>40, "Prepare for Showcase") -> Prepare for Showcase | S66: TRUE | T66: King Wei/King Hui - Chumbaka | AA66: =sum(V66:Z66) -> 0
A67: 177 | B67: Abraham Ting Lik Yue | C67: Active | D67: 45139 | F67: 5 Sat 10:00-11:00am | G67: Veritas | H67: Enouch | I67: 46004 | J67: IOT Control with ESP32 | K67: TRUE | M67: =INT((TODAY() - I67) / 7) -> 18 | N67: Mobile Apps Development Showcase | O67: =IFERROR(__xludf.DUMMYFUNCTION("IFERROR( TEXT( MAX(FILTER(Remark!A:A, TRIM(Remark!B:B) = TRIM(B67))), ""dd/mm/yyyy"" ) & "" - "" & FILTER( Remark!C:C, TRIM(Remark!B:B) = TRIM(B67), Remark!A:A = MAX(FILTER(Remark!A:A, TRIM(Remark!B:B) = TRIM(B67))) ), """" )"),"") | P67: =IFERROR(__xludf.DUMMYFUNCTION("TEXTJOIN(CHAR(10), TRUE, IFERROR( FILTER(TEXT(Remark!A:A, ""dd/mm/yyyy"") & "" - "" & Remark!C:C, TRIM(Remark!B:B) = TRIM(B67)), """" ))"),"") | Q67: =IFERROR(__xludf.DUMMYFUNCTION("IFERROR( FILTER( Remark!D:D, Remark!A:A = MAX(FILTER(Remark!A:A, TRIM(Remark!B:B) = TRIM(B67))) ), """" )"),"") | R67: =IFS(M67<=30, "Learning", AND(M67>30, M67<=40),"Starting Final Project", M67>40, "Prepare for Showcase") -> Learning | S67: TRUE | T67: Abraham Ting - Chumbaka | X67: 1 | AA67: =sum(V67:Z67) -> 1
A68: 350 | B68: Ryan Wong Bak Chen | C68: Active | D68: 45785 | F68: 5 Sat 10:00-11:00am | G68: Veritas | H68: Enouch | I68: 45785 | J68: Coding and Algorithm | K68: TRUE | M68: =INT((TODAY() - I68) / 7) -> 49 | O68: =IFERROR(__xludf.DUMMYFUNCTION("IFERROR( TEXT( MAX(FILTER(Remark!A:A, TRIM(Remark!B:B) = TRIM(B68))), ""dd/mm/yyyy"" ) & "" - "" & FILTER( Remark!C:C, TRIM(Remark!B:B) = TRIM(B68), Remark!A:A = MAX(FILTER(Remark!A:A, TRIM(Remark!B:B) = TRIM(B68))) ), """" )"),"") | P68: =IFERROR(__xludf.DUMMYFUNCTION("TEXTJOIN(CHAR(10), TRUE, IFERROR( FILTER(TEXT(Remark!A:A, ""dd/mm/yyyy"") & "" - "" & Remark!C:C, TRIM(Remark!B:B) = TRIM(B68)), """" ))"),"") | Q68: =IFERROR(__xludf.DUMMYFUNCTION("IFERROR( FILTER( Remark!D:D, Remark!A:A = MAX(FILTER(Remark!A:A, TRIM(Remark!B:B) = TRIM(B68))) ), """" )"),"") | R68: =IFS(M68<=30, "Learning", AND(M68>30, M68<=40),"Starting Final Project", M68>40, "Prepare for Showcase") -> Prepare for Showcase | S68: TRUE | T68: Ryan/Gladys (TH) - Chumbak | U68: 1 | X68: 1 | AA68: =sum(V68:Z68) -> 1
A69: 317 | B69: Oscar Wong Kwang Minhai | C69: Active | D69: 45707 | F69: 5 Sat 10:00-11:00am | G69: Veritas | H69: Kerry | I69: 45710 | J69: Coding and Algorithm | K69: TRUE | M69: =INT((TODAY() - I69) / 7) -> 60 | O69: =IFERROR(__xludf.DUMMYFUNCTION("IFERROR( TEXT( MAX(FILTER(Remark!A:A, TRIM(Remark!B:B) = TRIM(B69))), ""dd/mm/yyyy"" ) & "" - "" & FILTER( Remark!C:C, TRIM(Remark!B:B) = TRIM(B69), Remark!A:A = MAX(FILTER(Remark!A:A, TRIM(Remark!B:B) = TRIM(B69))) ), """" )"),"") | P69: =IFERROR(__xludf.DUMMYFUNCTION("TEXTJOIN(CHAR(10), TRUE, IFERROR( FILTER(TEXT(Remark!A:A, ""dd/mm/yyyy"") & "" - "" & Remark!C:C, TRIM(Remark!B:B) = TRIM(B69)), """" ))"),"") | Q69: =IFERROR(__xludf.DUMMYFUNCTION("IFERROR( FILTER( Remark!D:D, Remark!A:A = MAX(FILTER(Remark!A:A, TRIM(Remark!B:B) = TRIM(B69))) ), """" )"),"") | R69: =IFS(M69<=30, "Learning", AND(M69>30, M69<=40),"Starting Final Project", M69>40, "Prepare for Showcase") -> Prepare for Showcase | S69: TRUE | T69: Sophia/Oscar - Chumbaka | U69: 4 | V69: 1 | X69: 1 | AA69: =sum(V69:Z69) -> 2
A70: 345 | B70: Peso Yang Ming Yu | C70: Active | D70: 45763 | F70: 5 Sat 10:00-11:00am | G70: Veritas | H70: Kerry | I70: 45784 | J70: Coding and Algorithm | K70: TRUE | M70: =INT((TODAY() - I70) / 7) -> 49 | O70: =IFERROR(__xludf.DUMMYFUNCTION("IFERROR( TEXT( MAX(FILTER(Remark!A:A, TRIM(Remark!B:B) = TRIM(B70))), ""dd/mm/yyyy"" ) & "" - "" & FILTER( Remark!C:C, TRIM(Remark!B:B) = TRIM(B70), Remark!A:A = MAX(FILTER(Remark!A:A, TRIM(Remark!B:B) = TRIM(B70))) ), """" )"),"") | P70: =IFERROR(__xludf.DUMMYFUNCTION("TEXTJOIN(CHAR(10), TRUE, IFERROR( FILTER(TEXT(Remark!A:A, ""dd/mm/yyyy"") & "" - "" & Remark!C:C, TRIM(Remark!B:B) = TRIM(B70)), """" ))"),"") | Q70: =IFERROR(__xludf.DUMMYFUNCTION("IFERROR( FILTER( Remark!D:D, Remark!A:A = MAX(FILTER(Remark!A:A, TRIM(Remark!B:B) = TRIM(B70))) ), """" )"),"") | R70: =IFS(M70<=30, "Learning", AND(M70>30, M70<=40),"Starting Final Project", M70>40, "Prepare for Showcase") -> Prepare for Showcase | T70: Peso Yang (WINS) - Chumbak | V70: 1 | X70: 1 | AA70: =sum(V70:Z70) -> 2
A71: 415 | B71: Jayden Ting Ri Bin | C71: Active | D71: 45874 | F71: 5 Sat 10:00-11:00am | G71: Veritas | H71: Kerry | I71: 46032 | J71: Mobile Coding | K71: FALSE | M71: =INT((TODAY() - I71) / 7) -> 14 | O71: =IFERROR(__xludf.DUMMYFUNCTION("IFERROR( TEXT( MAX(FILTER(Remark!A:A, TRIM(Remark!B:B) = TRIM(B71))), ""dd/mm/yyyy"" ) & "" - "" & FILTER( Remark!C:C, TRIM(Remark!B:B) = TRIM(B71), Remark!A:A = MAX(FILTER(Remark!A:A, TRIM(Remark!B:B) = TRIM(B71))) ), """" )"),"") | P71: =IFERROR(__xludf.DUMMYFUNCTION("TEXTJOIN(CHAR(10), TRUE, IFERROR( FILTER(TEXT(Remark!A:A, ""dd/mm/yyyy"") & "" - "" & Remark!C:C, TRIM(Remark!B:B) = TRIM(B71)), """" ))"),"") | Q71: =IFERROR(__xludf.DUMMYFUNCTION("IFERROR( FILTER( Remark!D:D, Remark!A:A = MAX(FILTER(Remark!A:A, TRIM(Remark!B:B) = TRIM(B71))) ), """" )"),"") | R71: =IFS(M71<=30, "Learning", AND(M71>30, M71<=40),"Starting Final Project", M71>40, "Prepare for Showcase") -> Learning | T71: Jayden Ting - Chumbaka | V71: 2 | W71: 1 | X71: 1 | Y71: 1 | AA71: =sum(V71:Z71) -> 5
A72: 416 | B72: Derrick Ling Ning Seng | C72: Active | D72: 46032 | F72: 5 Sat 10:00-11:00am | G72: Veritas | H72: Kerry | I72: 46032 | J72: Mobile Coding | K72: FALSE | M72: =INT((TODAY() - I72) / 7) -> 14 | O72: =IFERROR(__xludf.DUMMYFUNCTION("IFERROR( TEXT( MAX(FILTER(Remark!A:A, TRIM(Remark!B:B) = TRIM(B72))), ""dd/mm/yyyy"" ) & "" - "" & FILTER( Remark!C:C, TRIM(Remark!B:B) = TRIM(B72), Remark!A:A = MAX(FILTER(Remark!A:A, TRIM(Remark!B:B) = TRIM(B72))) ), """" )"),"") | P72: =IFERROR(__xludf.DUMMYFUNCTION("TEXTJOIN(CHAR(10), TRUE, IFERROR( FILTER(TEXT(Remark!A:A, ""dd/mm/yyyy"") & "" - "" & Remark!C:C, TRIM(Remark!B:B) = TRIM(B72)), """" ))"),"") | Q72: =IFERROR(__xludf.DUMMYFUNCTION("IFERROR( FILTER( Remark!D:D, Remark!A:A = MAX(FILTER(Remark!A:A, TRIM(Remark!B:B) = TRIM(B72))) ), """" )"),"") | R72: =IFS(M72<=30, "Learning", AND(M72>30, M72<=40),"Starting Final Project", M72>40, "Prepare for Showcase") -> Learning | T72: Derrick Ling - Chumbaka | V72: 1 | W72: 1 | X72: 1 | Y72: 1 | AA72: =sum(V72:Z72) -> 4
A73: 296 | B73: Amber Wong Yun Qi | C73: Active | D73: 45619 | F73: 5 Sat 10:00-11:00am | G73: Veritas | H73: Mandy | I73: 46039 | J73: Game Development | K73: TRUE | M73: =INT((TODAY() - I73) / 7) -> 13 | O73: =IFERROR(__xludf.DUMMYFUNCTION("IFERROR( TEXT( MAX(FILTER(Remark!A:A, TRIM(Remark!B:B) = TRIM(B73))), ""dd/mm/yyyy"" ) & "" - "" & FILTER( Remark!C:C, TRIM(Remark!B:B) = TRIM(B73), Remark!A:A = MAX(FILTER(Remark!A:A, TRIM(Remark!B:B) = TRIM(B73))) ), """" )"),"02/10/2025 - [Caleb] Student is working on the final project. Inconsistent attendance makes it difficult to recap progress. Friends quitting has caused a loss of motivation. Mentor is advised to understand why the student is demotivated.") -> 02/10/2025 - [Caleb] Student is working on the final project. Inconsistent attendance makes it difficult to recap progress. Friends quitting has caused a loss of motivation. Mentor is advised to understand why the student is demotivated. | P73: =IFERROR(__xludf.DUMMYFUNCTION("TEXTJOIN(CHAR(10), TRUE, IFERROR( FILTER(TEXT(Remark!A:A, ""dd/mm/yyyy"") & "" - "" & Remark!C:C, TRIM(Remark!B:B) = TRIM(B73)), """" ))"),"02/10/2025 - [Caleb] Student is working on the final project. Inconsistent attendance makes it difficult to recap progress. Friends quitting has caused a loss of motivation. Mentor is advised to understand why the student is demotivated.") -> 02/10/2025 - [Caleb] Student is working on the final project. Inconsistent attendance makes it difficult to recap progress. Friends quitting has caused a loss of motivation. Mentor is advised to understand why the student is demotivated. | Q73: =IFERROR(__xludf.DUMMYFUNCTION("IFERROR( FILTER( Remark!D:D, Remark!A:A = MAX(FILTER(Remark!A:A, TRIM(Remark!B:B) = TRIM(B73))) ), """" )"),"No") -> No | R73: =IFS(M73<=30, "Learning", AND(M73>30, M73<=40),"Starting Final Project", M73>40, "Prepare for Showcase") -> Learning | T73: Amber - Chumbaka | U73: 1 | X73: 1 | AA73: =sum(V73:Z73) -> 1
A74: 346 | B74: Josh Law Wen Jun | C74: Active | D74: 45766 | F74: 6 Sat 11:00-12:00pm | G74: Veritas | H74: Mandy | I74: 45759 | J74: Digital Animation | K74: TRUE | M74: =INT((TODAY() - I74) / 7) -> 53 | O74: =IFERROR(__xludf.DUMMYFUNCTION("IFERROR( TEXT( MAX(FILTER(Remark!A:A, TRIM(Remark!B:B) = TRIM(B74))), ""dd/mm/yyyy"" ) & "" - "" & FILTER( Remark!C:C, TRIM(Remark!B:B) = TRIM(B74), Remark!A:A = MAX(FILTER(Remark!A:A, TRIM(Remark!B:B) = TRIM(B74))) ), """" )"),"") | P74: =IFERROR(__xludf.DUMMYFUNCTION("TEXTJOIN(CHAR(10), TRUE, IFERROR( FILTER(TEXT(Remark!A:A, ""dd/mm/yyyy"") & "" - "" & Remark!C:C, TRIM(Remark!B:B) = TRIM(B74)), """" ))"),"") | Q74: =IFERROR(__xludf.DUMMYFUNCTION("IFERROR( FILTER( Remark!D:D, Remark!A:A = MAX(FILTER(Remark!A:A, TRIM(Remark!B:B) = TRIM(B74))) ), """" )"),"") | R74: =IFS(M74<=30, "Learning", AND(M74>30, M74<=40),"Starting Final Project", M74>40, "Prepare for Showcase") -> Prepare for Showcase | S74: TRUE | T74: Josh Law - Chumbaka | U74: 1 | W74: 1 | X74: 1 | AA74: =sum(V74:Z74) -> 2
A75: 401 | B75: Edric Yong Tian Jun | C75: Active | D75: 45943 | F75: 5 Sat 10:00-11:00am | G75: Veritas | H75: Mandy | I75: 45934 | J75: Coding and Algorithm | K75: FALSE | M75: =INT((TODAY() - I75) / 7) -> 28 | O75: =IFERROR(__xludf.DUMMYFUNCTION("IFERROR( TEXT( MAX(FILTER(Remark!A:A, TRIM(Remark!B:B) = TRIM(B75))), ""dd/mm/yyyy"" ) & "" - "" & FILTER( Remark!C:C, TRIM(Remark!B:B) = TRIM(B75), Remark!A:A = MAX(FILTER(Remark!A:A, TRIM(Remark!B:B) = TRIM(B75))) ), """" )"),"") | P75: =IFERROR(__xludf.DUMMYFUNCTION("TEXTJOIN(CHAR(10), TRUE, IFERROR( FILTER(TEXT(Remark!A:A, ""dd/mm/yyyy"") & "" - "" & Remark!C:C, TRIM(Remark!B:B) = TRIM(B75)), """" ))"),"") | Q75: =IFERROR(__xludf.DUMMYFUNCTION("IFERROR( FILTER( Remark!D:D, Remark!A:A = MAX(FILTER(Remark!A:A, TRIM(Remark!B:B) = TRIM(B75))) ), """" )"),"") | R75: =IFS(M75<=30, "Learning", AND(M75>30, M75<=40),"Starting Final Project", M75>40, "Prepare for Showcase") -> Learning | T75: Edric Yong - Chumbaka | U75: 1 | V75: 1 | W75: 1 | X75: 1 | AA75: =sum(V75:Z75) -> 3
A76: 127 | B76: Herman Kong Kerk Xiang | C76: Active | D76: 44933 | F76: 6 Sat 11:00-12:00pm | G76: Veritas | H76: Damian | I76: 45451 | J76: Physical Computing | K76: TRUE | M76: =INT((TODAY() - I76) / 7) -> 97 | O76: =IFERROR(__xludf.DUMMYFUNCTION("IFERROR( TEXT( MAX(FILTER(Remark!A:A, TRIM(Remark!B:B) = TRIM(B76))), ""dd/mm/yyyy"" ) & "" - "" & FILTER( Remark!C:C, TRIM(Remark!B:B) = TRIM(B76), Remark!A:A = MAX(FILTER(Remark!A:A, TRIM(Remark!B:B) = TRIM(B76))) ), """" )"),"") | P76: =IFERROR(__xludf.DUMMYFUNCTION("TEXTJOIN(CHAR(10), TRUE, IFERROR( FILTER(TEXT(Remark!A:A, ""dd/mm/yyyy"") & "" - "" & Remark!C:C, TRIM(Remark!B:B) = TRIM(B76)), """" ))"),"") | Q76: =IFERROR(__xludf.DUMMYFUNCTION("IFERROR( FILTER( Remark!D:D, Remark!A:A = MAX(FILTER(Remark!A:A, TRIM(Remark!B:B) = TRIM(B76))) ), """" )"),"") | R76: =IFS(M76<=30, "Learning", AND(M76>30, M76<=40),"Starting Final Project", M76>40, "Prepare for Showcase") -> Prepare for Showcase | S76: TRUE | T76: Herman/Harper - CHUMBAKA | U76: 4 | X76: 2 | AA76: =sum(V76:Z76) -> 2
A77: 243 | B77: Harper Kong Xuen | C77: Active | D77: 45353 | F77: 6 Sat 11:00-12:00pm | G77: Veritas | H77: Damian | I77: 46039 | J77: Physical Computing | K77: TRUE | M77: =INT((TODAY() - I77) / 7) -> 13 | O77: =IFERROR(__xludf.DUMMYFUNCTION("IFERROR( TEXT( MAX(FILTER(Remark!A:A, TRIM(Remark!B:B) = TRIM(B77))), ""dd/mm/yyyy"" ) & "" - "" & FILTER( Remark!C:C, TRIM(Remark!B:B) = TRIM(B77), Remark!A:A = MAX(FILTER(Remark!A:A, TRIM(Remark!B:B) = TRIM(B77))) ), """" )"),"") | P77: =IFERROR(__xludf.DUMMYFUNCTION("TEXTJOIN(CHAR(10), TRUE, IFERROR( FILTER(TEXT(Remark!A:A, ""dd/mm/yyyy"") & "" - "" & Remark!C:C, TRIM(Remark!B:B) = TRIM(B77)), """" ))"),"") | Q77: =IFERROR(__xludf.DUMMYFUNCTION("IFERROR( FILTER( Remark!D:D, Remark!A:A = MAX(FILTER(Remark!A:A, TRIM(Remark!B:B) = TRIM(B77))) ), """" )"),"") | R77: =IFS(M77<=30, "Learning", AND(M77>30, M77<=40),"Starting Final Project", M77>40, "Prepare for Showcase") -> Learning | T77: Herman/Harper - CHUMBAKA | U77: 5 | X77: 2 | AA77: =sum(V77:Z77) -> 2
A78: 305 | B78: Dylan Ling Hung Fan | C78: Active | D78: 45667 | F78: 6 Sat 11:00-12:00pm | G78: Veritas | H78: Damian | I78: 45660 | J78: Digital Animation | K78: TRUE | M78: =INT((TODAY() - I78) / 7) -> 67 | O78: =IFERROR(__xludf.DUMMYFUNCTION("IFERROR( TEXT( MAX(FILTER(Remark!A:A, TRIM(Remark!B:B) = TRIM(B78))), ""dd/mm/yyyy"" ) & "" - "" & FILTER( Remark!C:C, TRIM(Remark!B:B) = TRIM(B78), Remark!A:A = MAX(FILTER(Remark!A:A, TRIM(Remark!B:B) = TRIM(B78))) ), """" )"),"") | P78: =IFERROR(__xludf.DUMMYFUNCTION("TEXTJOIN(CHAR(10), TRUE, IFERROR( FILTER(TEXT(Remark!A:A, ""dd/mm/yyyy"") & "" - "" & Remark!C:C, TRIM(Remark!B:B) = TRIM(B78)), """" ))"),"") | Q78: =IFERROR(__xludf.DUMMYFUNCTION("IFERROR( FILTER( Remark!D:D, Remark!A:A = MAX(FILTER(Remark!A:A, TRIM(Remark!B:B) = TRIM(B78))) ), """" )"),"") | R78: =IFS(M78<=30, "Learning", AND(M78>30, M78<=40),"Starting Final Project", M78>40, "Prepare for Showcase") -> Prepare for Showcase | S78: TRUE | T78: Dylan/Gabby - Chumbaka | U78: 2 | V78: 1 | W78: 1 | X78: 1 | Y78: 1 | AA78: =sum(V78:Z78) -> 4
A79: 417 | B79: Teo Kah Wei | C79: Active | D79: 46032 | F79: 6 Sat 11:00-12:00pm | G79: Veritas | H79: Damian | I79: 46032 | J79: Physical Computing | K79: FALSE | M79: =INT((TODAY() - I79) / 7) -> 14 | O79: =IFERROR(__xludf.DUMMYFUNCTION("IFERROR( TEXT( MAX(FILTER(Remark!A:A, TRIM(Remark!B:B) = TRIM(B79))), ""dd/mm/yyyy"" ) & "" - "" & FILTER( Remark!C:C, TRIM(Remark!B:B) = TRIM(B79), Remark!A:A = MAX(FILTER(Remark!A:A, TRIM(Remark!B:B) = TRIM(B79))) ), """" )"),"") | P79: =IFERROR(__xludf.DUMMYFUNCTION("TEXTJOIN(CHAR(10), TRUE, IFERROR( FILTER(TEXT(Remark!A:A, ""dd/mm/yyyy"") & "" - "" & Remark!C:C, TRIM(Remark!B:B) = TRIM(B79)), """" ))"),"") | Q79: =IFERROR(__xludf.DUMMYFUNCTION("IFERROR( FILTER( Remark!D:D, Remark!A:A = MAX(FILTER(Remark!A:A, TRIM(Remark!B:B) = TRIM(B79))) ), """" )"),"") | R79: =IFS(M79<=30, "Learning", AND(M79>30, M79<=40),"Starting Final Project", M79>40, "Prepare for Showcase") -> Learning | T79: Kah Wei - CHUMBAKA | X79: 1 | AA79: =sum(V79:Z79) -> 1
A80: 437 | B80: Alston Chan Yu Han | C80: Active | D80: 46039 | F80: 6 Sat 11:00-12:00pm | G80: Veritas | H80: Damian | I80: 46039 | J80: Digital Animation | K80: FALSE | M80: =INT((TODAY() - I80) / 7) -> 13 | O80: =IFERROR(__xludf.DUMMYFUNCTION("IFERROR( TEXT( MAX(FILTER(Remark!A:A, TRIM(Remark!B:B) = TRIM(B80))), ""dd/mm/yyyy"" ) & "" - "" & FILTER( Remark!C:C, TRIM(Remark!B:B) = TRIM(B80), Remark!A:A = MAX(FILTER(Remark!A:A, TRIM(Remark!B:B) = TRIM(B80))) ), """" )"),"") | P80: =IFERROR(__xludf.DUMMYFUNCTION("TEXTJOIN(CHAR(10), TRUE, IFERROR( FILTER(TEXT(Remark!A:A, ""dd/mm/yyyy"") & "" - "" & Remark!C:C, TRIM(Remark!B:B) = TRIM(B80)), """" ))"),"") | Q80: =IFERROR(__xludf.DUMMYFUNCTION("IFERROR( FILTER( Remark!D:D, Remark!A:A = MAX(FILTER(Remark!A:A, TRIM(Remark!B:B) = TRIM(B80))) ), """" )"),"") | R80: =IFS(M80<=30, "Learning", AND(M80>30, M80<=40),"Starting Final Project", M80>40, "Prepare for Showcase") -> Learning | T80: Alston Chan - Chumbaka | X80: 1 | AA80: =sum(V80:Z80) -> 1
A81: 49 | B81: Joshua Tong Tze Cheng | C81: Active | D81: 44477 | F81: 6 Sat 11:00-12:00pm | G81: Veritas | H81: Enouch | I81: 45696 | J81: Game Development | K81: TRUE | M81: =INT((TODAY() - I81) / 7) -> 62 | O81: =IFERROR(__xludf.DUMMYFUNCTION("IFERROR( TEXT( MAX(FILTER(Remark!A:A, TRIM(Remark!B:B) = TRIM(B81))), ""dd/mm/yyyy"" ) & "" - "" & FILTER( Remark!C:C, TRIM(Remark!B:B) = TRIM(B81), Remark!A:A = MAX(FILTER(Remark!A:A, TRIM(Remark!B:B) = TRIM(B81))) ), """" )"),"") | P81: =IFERROR(__xludf.DUMMYFUNCTION("TEXTJOIN(CHAR(10), TRUE, IFERROR( FILTER(TEXT(Remark!A:A, ""dd/mm/yyyy"") & "" - "" & Remark!C:C, TRIM(Remark!B:B) = TRIM(B81)), """" ))"),"") | Q81: =IFERROR(__xludf.DUMMYFUNCTION("IFERROR( FILTER( Remark!D:D, Remark!A:A = MAX(FILTER(Remark!A:A, TRIM(Remark!B:B) = TRIM(B81))) ), """" )"),"") | R81: =IFS(M81<=30, "Learning", AND(M81>30, M81<=40),"Starting Final Project", M81>40, "Prepare for Showcase") -> Prepare for Showcase | S81: TRUE | T81: Joshua Tong - Chumbaka | U81: 1 | X81: 1 | AA81: =sum(V81:Z81) -> 1
A82: 100 | B82: Clovis Low Zhao Ming | C82: Active | D82: 44820 | F82: 6 Sat 11:00-12:00pm | G82: Veritas | H82: Enouch | I82: 46039 | J82: Embedded System | K82: TRUE | M82: =INT((TODAY() - I82) / 7) -> 13 | O82: =IFERROR(__xludf.DUMMYFUNCTION("IFERROR( TEXT( MAX(FILTER(Remark!A:A, TRIM(Remark!B:B) = TRIM(B82))), ""dd/mm/yyyy"" ) & "" - "" & FILTER( Remark!C:C, TRIM(Remark!B:B) = TRIM(B82), Remark!A:A = MAX(FILTER(Remark!A:A, TRIM(Remark!B:B) = TRIM(B82))) ), """" )"),"") | P82: =IFERROR(__xludf.DUMMYFUNCTION("TEXTJOIN(CHAR(10), TRUE, IFERROR( FILTER(TEXT(Remark!A:A, ""dd/mm/yyyy"") & "" - "" & Remark!C:C, TRIM(Remark!B:B) = TRIM(B82)), """" ))"),"") | Q82: =IFERROR(__xludf.DUMMYFUNCTION("IFERROR( FILTER( Remark!D:D, Remark!A:A = MAX(FILTER(Remark!A:A, TRIM(Remark!B:B) = TRIM(B82))) ), """" )"),"") | R82: =IFS(M82<=30, "Learning", AND(M82>30, M82<=40),"Starting Final Project", M82>40, "Prepare for Showcase") -> Learning | T82: Clovis Low - CHUMBAKA | U82: 1 | X82: 1 | AA82: =sum(V82:Z82) -> 1
A83: 105 | B83: Ayden Lee Zeng Hsu | C83: Active | D83: 44879 | F83: 6 Sat 11:00-12:00pm | G83: Veritas | H83: Enouch | I83: 45983 | J83: 3D Design for AR and VR | K83: FALSE | M83: =INT((TODAY() - I83) / 7) -> 21 | O83: =IFERROR(__xludf.DUMMYFUNCTION("IFERROR( TEXT( MAX(FILTER(Remark!A:A, TRIM(Remark!B:B) = TRIM(B83))), ""dd/mm/yyyy"" ) & "" - "" & FILTER( Remark!C:C, TRIM(Remark!B:B) = TRIM(B83), Remark!A:A = MAX(FILTER(Remark!A:A, TRIM(Remark!B:B) = TRIM(B83))) ), """" )"),"08/10/2025 - [Caleb] The student has completed the final project for the current course, L232A Game Development, but still has missing submissions — fewer than the required six projects. These need to be completed before progressing to the next course. Te"&"chnical skills and project quality are good; the student is capable of producing quality work. However, there are attitude issues that need attention. Mentor is advised to discuss the student’s attitude concerns with the parents.") -> 08/10/2025 - [Caleb] The student has completed the final project for the current course, L232A Game Development, but still has missing submissions — fewer than the required six projects. These need to be completed before progressing to the next course. Technical skills and project quality are good; the student is capable of producing quality work. However, there are attitude issues that need attention. Mentor is advised to discuss the student’s attitude concerns with the parents. | P83: =IFERROR(__xludf.DUMMYFUNCTION("TEXTJOIN(CHAR(10), TRUE, IFERROR( FILTER(TEXT(Remark!A:A, ""dd/mm/yyyy"") & "" - "" & Remark!C:C, TRIM(Remark!B:B) = TRIM(B83)), """" ))"),"08/10/2025 - [Caleb] The student has completed the final project for the current course, L232A Game Development, but still has missing submissions — fewer than the required six projects. These need to be completed before progressing to the next course. Te"&"chnical skills and project quality are good; the student is capable of producing quality work. However, there are attitude issues that need attention. Mentor is advised to discuss the student’s attitude concerns with the parents.") -> 08/10/2025 - [Caleb] The student has completed the final project for the current course, L232A Game Development, but still has missing submissions — fewer than the required six projects. These need to be completed before progressing to the next course. Technical skills and project quality are good; the student is capable of producing quality work. However, there are attitude issues that need attention. Mentor is advised to discuss the student’s attitude concerns with the parents. | Q83: =IFERROR(__xludf.DUMMYFUNCTION("IFERROR( FILTER( Remark!D:D, Remark!A:A = MAX(FILTER(Remark!A:A, TRIM(Remark!B:B) = TRIM(B83))) ), """" )"),"Yes") -> Yes | R83: =IFS(M83<=30, "Learning", AND(M83>30, M83<=40),"Starting Final Project", M83>40, "Prepare for Showcase") -> Learning | T83: Arielle/Ayden - Chumbaka | U83: 1 | V83: 1 | AA83: =sum(V83:Z83) -> 1
A84: 182 | B84: Emily Wong Mon Rong | C84: Active | D84: 45177 | F84: 6 Sat 11:00-12:00pm | G84: Veritas | H84: Enouch | I84: 46039 | J84: AI with Python | K84: TRUE | M84: =INT((TODAY() - I84) / 7) -> 13 | O84: =IFERROR(__xludf.DUMMYFUNCTION("IFERROR( TEXT( MAX(FILTER(Remark!A:A, TRIM(Remark!B:B) = TRIM(B84))), ""dd/mm/yyyy"" ) & "" - "" & FILTER( Remark!C:C, TRIM(Remark!B:B) = TRIM(B84), Remark!A:A = MAX(FILTER(Remark!A:A, TRIM(Remark!B:B) = TRIM(B84))) ), """" )"),"") | P84: =IFERROR(__xludf.DUMMYFUNCTION("TEXTJOIN(CHAR(10), TRUE, IFERROR( FILTER(TEXT(Remark!A:A, ""dd/mm/yyyy"") & "" - "" & Remark!C:C, TRIM(Remark!B:B) = TRIM(B84)), """" ))"),"") | Q84: =IFERROR(__xludf.DUMMYFUNCTION("IFERROR( FILTER( Remark!D:D, Remark!A:A = MAX(FILTER(Remark!A:A, TRIM(Remark!B:B) = TRIM(B84))) ), """" )"),"") | R84: =IFS(M84<=30, "Learning", AND(M84>30, M84<=40),"Starting Final Project", M84>40, "Prepare for Showcase") -> Learning | T84: Mercury/Emily - CHUMBAKA | U84: 1 | X84: 2 | AA84: =sum(V84:Z84) -> 2
A85: 300 | B85: Julius Chiew Zhen Hao | C85: Active | D85: 45611 | F85: 6 Sat 11:00-12:00pm | G85: Veritas | H85: Enouch | I85: 46039 | J85: Game Development | K85: TRUE | M85: =INT((TODAY() - I85) / 7) -> 13 | O85: =IFERROR(__xludf.DUMMYFUNCTION("IFERROR( TEXT( MAX(FILTER(Remark!A:A, TRIM(Remark!B:B) = TRIM(B85))), ""dd/mm/yyyy"" ) & "" - "" & FILTER( Remark!C:C, TRIM(Remark!B:B) = TRIM(B85), Remark!A:A = MAX(FILTER(Remark!A:A, TRIM(Remark!B:B) = TRIM(B85))) ), """" )"),"") | P85: =IFERROR(__xludf.DUMMYFUNCTION("TEXTJOIN(CHAR(10), TRUE, IFERROR( FILTER(TEXT(Remark!A:A, ""dd/mm/yyyy"") & "" - "" & Remark!C:C, TRIM(Remark!B:B) = TRIM(B85)), """" ))"),"") | Q85: =IFERROR(__xludf.DUMMYFUNCTION("IFERROR( FILTER( Remark!D:D, Remark!A:A = MAX(FILTER(Remark!A:A, TRIM(Remark!B:B) = TRIM(B85))) ), """" )"),"") | R85: =IFS(M85<=30, "Learning", AND(M85>30, M85<=40),"Starting Final Project", M85>40, "Prepare for Showcase") -> Learning | T85: Julius - Chumbaka | U85: 1 | W85: 1 | X85: 1 | AA85: =sum(V85:Z85) -> 2
A86: 352 | B86: Samuel Moh Nian Quan | C86: Active | D86: 45642 | F86: 6 Sat 11:00-12:00pm | G86: Veritas | H86: Enouch | I86: 45787 | J86: Coding and Algorithm | K86: TRUE | M86: =INT((TODAY() - I86) / 7) -> 49 | O86: =IFERROR(__xludf.DUMMYFUNCTION("IFERROR( TEXT( MAX(FILTER(Remark!A:A, TRIM(Remark!B:B) = TRIM(B86))), ""dd/mm/yyyy"" ) & "" - "" & FILTER( Remark!C:C, TRIM(Remark!B:B) = TRIM(B86), Remark!A:A = MAX(FILTER(Remark!A:A, TRIM(Remark!B:B) = TRIM(B86))) ), """" )"),"") | P86: =IFERROR(__xludf.DUMMYFUNCTION("TEXTJOIN(CHAR(10), TRUE, IFERROR( FILTER(TEXT(Remark!A:A, ""dd/mm/yyyy"") & "" - "" & Remark!C:C, TRIM(Remark!B:B) = TRIM(B86)), """" ))"),"") | Q86: =IFERROR(__xludf.DUMMYFUNCTION("IFERROR( FILTER( Remark!D:D, Remark!A:A = MAX(FILTER(Remark!A:A, TRIM(Remark!B:B) = TRIM(B86))) ), """" )"),"") | R86: =IFS(M86<=30, "Learning", AND(M86>30, M86<=40),"Starting Final Project", M86>40, "Prepare for Showcase") -> Prepare for Showcase | S86: TRUE | T86: Samuel Moh - Chumbaka | U86: 1 | X86: 1 | AA86: =sum(V86:Z86) -> 1
A87: 218 | B87: Rachelle Teh Ern Cher | C87: Active | D87: 45177 | F87: 6 Sat 11:00-12:00pm | G87: Veritas | H87: Kerry | I87: 45619 | J87: Creative Computing | K87: TRUE | M87: =INT((TODAY() - I87) / 7) -> 73 | O87: =IFERROR(__xludf.DUMMYFUNCTION("IFERROR( TEXT( MAX(FILTER(Remark!A:A, TRIM(Remark!B:B) = TRIM(B87))), ""dd/mm/yyyy"" ) & "" - "" & FILTER( Remark!C:C, TRIM(Remark!B:B) = TRIM(B87), Remark!A:A = MAX(FILTER(Remark!A:A, TRIM(Remark!B:B) = TRIM(B87))) ), """" )"),"") | P87: =IFERROR(__xludf.DUMMYFUNCTION("TEXTJOIN(CHAR(10), TRUE, IFERROR( FILTER(TEXT(Remark!A:A, ""dd/mm/yyyy"") & "" - "" & Remark!C:C, TRIM(Remark!B:B) = TRIM(B87)), """" ))"),"") | Q87: =IFERROR(__xludf.DUMMYFUNCTION("IFERROR( FILTER( Remark!D:D, Remark!A:A = MAX(FILTER(Remark!A:A, TRIM(Remark!B:B) = TRIM(B87))) ), """" )"),"") | R87: =IFS(M87<=30, "Learning", AND(M87>30, M87<=40),"Starting Final Project", M87>40, "Prepare for Showcase") -> Prepare for Showcase | S87: TRUE | T87: Rachelle (WINS) - Chumbaka | U87: 2 | V87: 1 | X87: 1 | Y87: 1 | AA87: =sum(V87:Z87) -> 3
A88: 219 | B88: Daphne Wong | C88: Active | D88: 45330 | F88: 6 Sat 11:00-12:00pm | G88: Veritas | H88: Kerry | I88: 45693 | J88: Creative Computing | K88: TRUE | M88: =INT((TODAY() - I88) / 7) -> 62 | O88: =IFERROR(__xludf.DUMMYFUNCTION("IFERROR( TEXT( MAX(FILTER(Remark!A:A, TRIM(Remark!B:B) = TRIM(B88))), ""dd/mm/yyyy"" ) & "" - "" & FILTER( Remark!C:C, TRIM(Remark!B:B) = TRIM(B88), Remark!A:A = MAX(FILTER(Remark!A:A, TRIM(Remark!B:B) = TRIM(B88))) ), """" )"),"") | P88: =IFERROR(__xludf.DUMMYFUNCTION("TEXTJOIN(CHAR(10), TRUE, IFERROR( FILTER(TEXT(Remark!A:A, ""dd/mm/yyyy"") & "" - "" & Remark!C:C, TRIM(Remark!B:B) = TRIM(B88)), """" ))"),"") | Q88: =IFERROR(__xludf.DUMMYFUNCTION("IFERROR( FILTER( Remark!D:D, Remark!A:A = MAX(FILTER(Remark!A:A, TRIM(Remark!B:B) = TRIM(B88))) ), """" )"),"") | R88: =IFS(M88<=30, "Learning", AND(M88>30, M88<=40),"Starting Final Project", M88>40, "Prepare for Showcase") -> Prepare for Showcase | S88: TRUE | T88: Daphne (WINS) - Chumbaka | U88: 1 | V88: 1 | X88: 1 | Y88: 1 | AA88: =sum(V88:Z88) -> 3
A89: 292 | B89: Howard Ling Hong Ern | C89: Active | D89: 45419 | F89: 6 Sat 11:00-12:00pm | G89: Veritas | H89: Kerry | I89: 45899 | J89: Creative Computing | K89: TRUE | M89: =INT((TODAY() - I89) / 7) -> 33 | O89: =IFERROR(__xludf.DUMMYFUNCTION("IFERROR( TEXT( MAX(FILTER(Remark!A:A, TRIM(Remark!B:B) = TRIM(B89))), ""dd/mm/yyyy"" ) & "" - "" & FILTER( Remark!C:C, TRIM(Remark!B:B) = TRIM(B89), Remark!A:A = MAX(FILTER(Remark!A:A, TRIM(Remark!B:B) = TRIM(B89))) ), """" )"),"") | P89: =IFERROR(__xludf.DUMMYFUNCTION("TEXTJOIN(CHAR(10), TRUE, IFERROR( FILTER(TEXT(Remark!A:A, ""dd/mm/yyyy"") & "" - "" & Remark!C:C, TRIM(Remark!B:B) = TRIM(B89)), """" ))"),"") | Q89: =IFERROR(__xludf.DUMMYFUNCTION("IFERROR( FILTER( Remark!D:D, Remark!A:A = MAX(FILTER(Remark!A:A, TRIM(Remark!B:B) = TRIM(B89))) ), """" )"),"") | R89: =IFS(M89<=30, "Learning", AND(M89>30, M89<=40),"Starting Final Project", M89>40, "Prepare for Showcase") -> Starting Final Project | T89: Howard - Chumbaka | U89: 2 | X89: 2 | Y89: 1 | AA89: =sum(V89:Z89) -> 3
A90: 293 | B90: Kong Ming Yi | C90: Active | D90: 45604 | F90: 6 Sat 11:00-12:00pm | G90: Veritas | H90: Kerry | I90: 45780 | J90: Creative Computing | K90: TRUE | M90: =INT((TODAY() - I90) / 7) -> 50 | O90: =IFERROR(__xludf.DUMMYFUNCTION("IFERROR( TEXT( MAX(FILTER(Remark!A:A, TRIM(Remark!B:B) = TRIM(B90))), ""dd/mm/yyyy"" ) & "" - "" & FILTER( Remark!C:C, TRIM(Remark!B:B) = TRIM(B90), Remark!A:A = MAX(FILTER(Remark!A:A, TRIM(Remark!B:B) = TRIM(B90))) ), """" )"),"") | P90: =IFERROR(__xludf.DUMMYFUNCTION("TEXTJOIN(CHAR(10), TRUE, IFERROR( FILTER(TEXT(Remark!A:A, ""dd/mm/yyyy"") & "" - "" & Remark!C:C, TRIM(Remark!B:B) = TRIM(B90)), """" ))"),"") | Q90: =IFERROR(__xludf.DUMMYFUNCTION("IFERROR( FILTER( Remark!D:D, Remark!A:A = MAX(FILTER(Remark!A:A, TRIM(Remark!B:B) = TRIM(B90))) ), """" )"),"") | R90: =IFS(M90<=30, "Learning", AND(M90>30, M90<=40),"Starting Final Project", M90>40, "Prepare for Showcase") -> Prepare for Showcase | S90: TRUE | T90: Ming Yi - Chumbaka | U90: 4 | V90: 1 | X90: 1 | AA90: =sum(V90:Z90) -> 2
A91: 419 | B91: Anselm Chiong Chan Sung | C91: Active | D91: 46034 | F91: 6 Sat 11:00-12:00pm | G91: Veritas | H91: Kerry | I91: 46037 | J91: Creative Computing | K91: FALSE | M91: =INT((TODAY() - I91) / 7) -> 13 | O91: =IFERROR(__xludf.DUMMYFUNCTION("IFERROR( TEXT( MAX(FILTER(Remark!A:A, TRIM(Remark!B:B) = TRIM(B91))), ""dd/mm/yyyy"" ) & "" - "" & FILTER( Remark!C:C, TRIM(Remark!B:B) = TRIM(B91), Remark!A:A = MAX(FILTER(Remark!A:A, TRIM(Remark!B:B) = TRIM(B91))) ), """" )"),"") | P91: =IFERROR(__xludf.DUMMYFUNCTION("TEXTJOIN(CHAR(10), TRUE, IFERROR( FILTER(TEXT(Remark!A:A, ""dd/mm/yyyy"") & "" - "" & Remark!C:C, TRIM(Remark!B:B) = TRIM(B91)), """" ))"),"") | Q91: =IFERROR(__xludf.DUMMYFUNCTION("IFERROR( FILTER( Remark!D:D, Remark!A:A = MAX(FILTER(Remark!A:A, TRIM(Remark!B:B) = TRIM(B91))) ), """" )"),"") | R91: =IFS(M91<=30, "Learning", AND(M91>30, M91<=40),"Starting Final Project", M91>40, "Prepare for Showcase") -> Learning | T91: Anselm Chiong (TH) - Chumbaka | X91: 1 | Y91: 1 | AA91: =sum(V91:Z91) -> 2
A92: 392 | B92: Alfred Koo Yi Xiang | C92: Active | D92: 45787 | F92: 6 Sat 11:00-12:00pm | G92: Veritas | H92: Mandy | I92: 45871 | J92: Mobile Coding | K92: TRUE | M92: =INT((TODAY() - I92) / 7) -> 37 | O92: =IFERROR(__xludf.DUMMYFUNCTION("IFERROR( TEXT( MAX(FILTER(Remark!A:A, TRIM(Remark!B:B) = TRIM(B92))), ""dd/mm/yyyy"" ) & "" - "" & FILTER( Remark!C:C, TRIM(Remark!B:B) = TRIM(B92), Remark!A:A = MAX(FILTER(Remark!A:A, TRIM(Remark!B:B) = TRIM(B92))) ), """" )"),"") | P92: =IFERROR(__xludf.DUMMYFUNCTION("TEXTJOIN(CHAR(10), TRUE, IFERROR( FILTER(TEXT(Remark!A:A, ""dd/mm/yyyy"") & "" - "" & Remark!C:C, TRIM(Remark!B:B) = TRIM(B92)), """" ))"),"") | Q92: =IFERROR(__xludf.DUMMYFUNCTION("IFERROR( FILTER( Remark!D:D, Remark!A:A = MAX(FILTER(Remark!A:A, TRIM(Remark!B:B) = TRIM(B92))) ), """" )"),"") | R92: =IFS(M92<=30, "Learning", AND(M92>30, M92<=40),"Starting Final Project", M92>40, "Prepare for Showcase") -> Starting Final Project | T92: Alfred Koo - Chumbaka | U92: 1 | W92: 1 | X92: 1 | AA92: =sum(V92:Z92) -> 2
A93: 395 | B93: Jarvis Ningkan Anak Henry | C93: Active | D93: 45863 | F93: 6 Sat 11:00-12:00pm | G93: Veritas | H93: Mandy | I93: 45878 | J93: Mobile Coding | K93: TRUE | M93: =INT((TODAY() - I93) / 7) -> 36 | O93: =IFERROR(__xludf.DUMMYFUNCTION("IFERROR( TEXT( MAX(FILTER(Remark!A:A, TRIM(Remark!B:B) = TRIM(B93))), ""dd/mm/yyyy"" ) & "" - "" & FILTER( Remark!C:C, TRIM(Remark!B:B) = TRIM(B93), Remark!A:A = MAX(FILTER(Remark!A:A, TRIM(Remark!B:B) = TRIM(B93))) ), """" )"),"") | P93: =IFERROR(__xludf.DUMMYFUNCTION("TEXTJOIN(CHAR(10), TRUE, IFERROR( FILTER(TEXT(Remark!A:A, ""dd/mm/yyyy"") & "" - "" & Remark!C:C, TRIM(Remark!B:B) = TRIM(B93)), """" ))"),"") | Q93: =IFERROR(__xludf.DUMMYFUNCTION("IFERROR( FILTER( Remark!D:D, Remark!A:A = MAX(FILTER(Remark!A:A, TRIM(Remark!B:B) = TRIM(B93))) ), """" )"),"") | R93: =IFS(M93<=30, "Learning", AND(M93>30, M93<=40),"Starting Final Project", M93>40, "Prepare for Showcase") -> Starting Final Project | T93: Jarvis Ningkan - Chumbaka | U93: 1 | X93: 2 | AA93: =sum(V93:Z93) -> 2
A94: 450 | B94: Gabby Ling Hung Yu | C94: Active | D94: 46058 | F94: 6 Sat 11:00-12:00pm | G94: Veritas | H94: Mandy | I94: 46060 | J94: Mobile Coding | K94: FALSE | M94: =INT((TODAY() - I94) / 7) -> 10 | O94: =IFERROR(__xludf.DUMMYFUNCTION("IFERROR( TEXT( MAX(FILTER(Remark!A:A, TRIM(Remark!B:B) = TRIM(B94))), ""dd/mm/yyyy"" ) & "" - "" & FILTER( Remark!C:C, TRIM(Remark!B:B) = TRIM(B94), Remark!A:A = MAX(FILTER(Remark!A:A, TRIM(Remark!B:B) = TRIM(B94))) ), """" )"),"") | P94: =IFERROR(__xludf.DUMMYFUNCTION("TEXTJOIN(CHAR(10), TRUE, IFERROR( FILTER(TEXT(Remark!A:A, ""dd/mm/yyyy"") & "" - "" & Remark!C:C, TRIM(Remark!B:B) = TRIM(B94)), """" ))"),"") | Q94: =IFERROR(__xludf.DUMMYFUNCTION("IFERROR( FILTER( Remark!D:D, Remark!A:A = MAX(FILTER(Remark!A:A, TRIM(Remark!B:B) = TRIM(B94))) ), """" )"),"") | R94: =IFS(M94<=30, "Learning", AND(M94>30, M94<=40),"Starting Final Project", M94>40, "Prepare for Showcase") -> Learning | S94: FALSE | T94: Dylan/Gabby - Chumbaka | X94: 2 | AA94: =sum(V94:Z94) -> 2
A95: 472 | B95: Tang Xu Wen | C95: Active | D95: 46116 | F95: 6 Sat 11:00-12:00pm | G95: Veritas | H95: Mandy | I95: 46116 | J95: Mobile Coding | K95: FALSE | M95: =INT((TODAY() - I95) / 7) -> 2 | O95: =IFERROR(__xludf.DUMMYFUNCTION("IFERROR( TEXT( MAX(FILTER(Remark!A:A, TRIM(Remark!B:B) = TRIM(B95))), ""dd/mm/yyyy"" ) & "" - "" & FILTER( Remark!C:C, TRIM(Remark!B:B) = TRIM(B95), Remark!A:A = MAX(FILTER(Remark!A:A, TRIM(Remark!B:B) = TRIM(B95))) ), """" )"),"") | P95: =IFERROR(__xludf.DUMMYFUNCTION("TEXTJOIN(CHAR(10), TRUE, IFERROR( FILTER(TEXT(Remark!A:A, ""dd/mm/yyyy"") & "" - "" & Remark!C:C, TRIM(Remark!B:B) = TRIM(B95)), """" ))"),"") | Q95: =IFERROR(__xludf.DUMMYFUNCTION("IFERROR( FILTER( Remark!D:D, Remark!A:A = MAX(FILTER(Remark!A:A, TRIM(Remark!B:B) = TRIM(B95))) ), """" )"),"") | R95: =IFS(M95<=30, "Learning", AND(M95>30, M95<=40),"Starting Final Project", M95>40, "Prepare for Showcase") -> Learning | S95: FALSE | T95: Xu Wen/Shue Yean/Yun Sey - Chumbaka | AA95: =sum(V95:Z95) -> 0
A96: 473 | B96: Tang Shue Yean | C96: Active | D96: 46116 | F96: 6 Sat 11:00-12:00pm | G96: Veritas | H96: Mandy | I96: 46116 | J96: Mobile Coding | K96: FALSE | M96: =INT((TODAY() - I96) / 7) -> 2 | O96: =IFERROR(__xludf.DUMMYFUNCTION("IFERROR( TEXT( MAX(FILTER(Remark!A:A, TRIM(Remark!B:B) = TRIM(B96))), ""dd/mm/yyyy"" ) & "" - "" & FILTER( Remark!C:C, TRIM(Remark!B:B) = TRIM(B96), Remark!A:A = MAX(FILTER(Remark!A:A, TRIM(Remark!B:B) = TRIM(B96))) ), """" )"),"") | P96: =IFERROR(__xludf.DUMMYFUNCTION("TEXTJOIN(CHAR(10), TRUE, IFERROR( FILTER(TEXT(Remark!A:A, ""dd/mm/yyyy"") & "" - "" & Remark!C:C, TRIM(Remark!B:B) = TRIM(B96)), """" ))"),"") | Q96: =IFERROR(__xludf.DUMMYFUNCTION("IFERROR( FILTER( Remark!D:D, Remark!A:A = MAX(FILTER(Remark!A:A, TRIM(Remark!B:B) = TRIM(B96))) ), """" )"),"") | R96: =IFS(M96<=30, "Learning", AND(M96>30, M96<=40),"Starting Final Project", M96>40, "Prepare for Showcase") -> Learning | S96: FALSE | T96: Xu Wen/Shue Yean/Yun Sey - Chumbaka | AA96: =sum(V96:Z96) -> 0
A97: 474 | B97: Tang Yun Sey | C97: Active | D97: 46116 | F97: 6 Sat 11:00-12:00pm | G97: Veritas | H97: Mandy | I97: 46116 | J97: Mobile Coding | K97: FALSE | M97: =INT((TODAY() - I97) / 7) -> 2 | O97: =IFERROR(__xludf.DUMMYFUNCTION("IFERROR( TEXT( MAX(FILTER(Remark!A:A, TRIM(Remark!B:B) = TRIM(B97))), ""dd/mm/yyyy"" ) & "" - "" & FILTER( Remark!C:C, TRIM(Remark!B:B) = TRIM(B97), Remark!A:A = MAX(FILTER(Remark!A:A, TRIM(Remark!B:B) = TRIM(B97))) ), """" )"),"") | P97: =IFERROR(__xludf.DUMMYFUNCTION("TEXTJOIN(CHAR(10), TRUE, IFERROR( FILTER(TEXT(Remark!A:A, ""dd/mm/yyyy"") & "" - "" & Remark!C:C, TRIM(Remark!B:B) = TRIM(B97)), """" ))"),"") | Q97: =IFERROR(__xludf.DUMMYFUNCTION("IFERROR( FILTER( Remark!D:D, Remark!A:A = MAX(FILTER(Remark!A:A, TRIM(Remark!B:B) = TRIM(B97))) ), """" )"),"") | R97: =IFS(M97<=30, "Learning", AND(M97>30, M97<=40),"Starting Final Project", M97>40, "Prepare for Showcase") -> Learning | S97: FALSE | T97: Xu Wen/Shue Yean/Yun Sey - Chumbaka | AA97: =sum(V97:Z97) -> 0
A98: 125 | B98: Feliz Loh Li Fei | C98: Active | D98: 44961 | F98: 7 Sat 2:00-3:00pm | G98: Veritas | H98: Damian | I98: 46032 | J98: Game Development | K98: TRUE | M98: =INT((TODAY() - I98) / 7) -> 14 | O98: =IFERROR(__xludf.DUMMYFUNCTION("IFERROR( TEXT( MAX(FILTER(Remark!A:A, TRIM(Remark!B:B) = TRIM(B98))), ""dd/mm/yyyy"" ) & "" - "" & FILTER( Remark!C:C, TRIM(Remark!B:B) = TRIM(B98), Remark!A:A = MAX(FILTER(Remark!A:A, TRIM(Remark!B:B) = TRIM(B98))) ), """" )"),"") | P98: =IFERROR(__xludf.DUMMYFUNCTION("TEXTJOIN(CHAR(10), TRUE, IFERROR( FILTER(TEXT(Remark!A:A, ""dd/mm/yyyy"") & "" - "" & Remark!C:C, TRIM(Remark!B:B) = TRIM(B98)), """" ))"),"") | Q98: =IFERROR(__xludf.DUMMYFUNCTION("IFERROR( FILTER( Remark!D:D, Remark!A:A = MAX(FILTER(Remark!A:A, TRIM(Remark!B:B) = TRIM(B98))) ), """" )"),"") | R98: =IFS(M98<=30, "Learning", AND(M98>30, M98<=40),"Starting Final Project", M98>40, "Prepare for Showcase") -> Learning | T98: Feliz Loh - CHUMBAKA | U98: 4 | V98: 1 | AA98: =sum(V98:Z98) -> 1
A99: 194 | B99: Wallance Wong Chung Yiu | C99: Active | D99: 45224 | F99: 7 Sat 2:00-3:00pm | G99: Veritas | H99: Damian | I99: 45857 | J99: Game Development | K99: TRUE | M99: =INT((TODAY() - I99) / 7) -> 39 | N99: Physical Computing Showcase | O99: =IFERROR(__xludf.DUMMYFUNCTION("IFERROR( TEXT( MAX(FILTER(Remark!A:A, TRIM(Remark!B:B) = TRIM(B99))), ""dd/mm/yyyy"" ) & "" - "" & FILTER( Remark!C:C, TRIM(Remark!B:B) = TRIM(B99), Remark!A:A = MAX(FILTER(Remark!A:A, TRIM(Remark!B:B) = TRIM(B99))) ), """" )"),"") | P99: =IFERROR(__xludf.DUMMYFUNCTION("TEXTJOIN(CHAR(10), TRUE, IFERROR( FILTER(TEXT(Remark!A:A, ""dd/mm/yyyy"") & "" - "" & Remark!C:C, TRIM(Remark!B:B) = TRIM(B99)), """" ))"),"") | Q99: =IFERROR(__xludf.DUMMYFUNCTION("IFERROR( FILTER( Remark!D:D, Remark!A:A = MAX(FILTER(Remark!A:A, TRIM(Remark!B:B) = TRIM(B99))) ), """" )"),"") | R99: =IFS(M99<=30, "Learning", AND(M99>30, M99<=40),"Starting Final Project", M99>40, "Prepare for Showcase") -> Starting Final Project | S99: TRUE | T99: Wensley/Wallance - Chumbaka | U99: 1 | W99: 1 | AA99: =sum(V99:Z99) -> 1
A100: 308 | B100: Ayden Lee Tai Yu | C100: Active | D100: 45677 | F100: 7 Sat 2:00-3:00pm | G100: Veritas | H100: Damian | I100: 45693 | J100: Digital Animation | K100: FALSE | L100: Laptop | M100: =INT((TODAY() - I100) / 7) -> 62 | O100: =IFERROR(__xludf.DUMMYFUNCTION("IFERROR( TEXT( MAX(FILTER(Remark!A:A, TRIM(Remark!B:B) = TRIM(B100))), ""dd/mm/yyyy"" ) & "" - "" & FILTER( Remark!C:C, TRIM(Remark!B:B) = TRIM(B100), Remark!A:A = MAX(FILTER(Remark!A:A, TRIM(Remark!B:B) = TRIM(B100))) ), """&""" )"),"") | P100: =IFERROR(__xludf.DUMMYFUNCTION("TEXTJOIN(CHAR(10), TRUE, IFERROR( FILTER(TEXT(Remark!A:A, ""dd/mm/yyyy"") & "" - "" & Remark!C:C, TRIM(Remark!B:B) = TRIM(B100)), """" ))"),"") | Q100: =IFERROR(__xludf.DUMMYFUNCTION("IFERROR( FILTER( Remark!D:D, Remark!A:A = MAX(FILTER(Remark!A:A, TRIM(Remark!B:B) = TRIM(B100))) ), """" )"),"") | R100: =IFS(M100<=30, "Learning", AND(M100>30, M100<=40),"Starting Final Project", M100>40, "Prepare for Showcase") -> Prepare for Showcase | S100: TRUE | T100: Ayden Lee - Chumbaka | U100: 1 | X100: 1 | AA100: =sum(V100:Z100) -> 1
...

Sheet Replacement
A1: =IFERROR(__xludf.DUMMYFUNCTION("IMPORTRANGE(""https://docs.google.com/spreadsheets/d/1M-AMmjvFdeyUY8R05cLsAzA8EFTTNWQbDnacxXDTUb8/edit?usp=sharing"", ""Replacement!A:Z"")"),"")
A4: =IFERROR(__xludf.DUMMYFUNCTION("""COMPUTED_VALUE"""),"Student Name") -> Student Name | B4: =IFERROR(__xludf.DUMMYFUNCTION("""COMPUTED_VALUE"""),"Replacement Date") -> Replacement Date | C4: =IFERROR(__xludf.DUMMYFUNCTION("""COMPUTED_VALUE"""),"Time Slot (for Saturdays)") -> Time Slot (for Saturdays) | D4: =IFERROR(__xludf.DUMMYFUNCTION("""COMPUTED_VALUE"""),"Email") -> Email | E4: =IFERROR(__xludf.DUMMYFUNCTION("""COMPUTED_VALUE"""),"Submission Timestamp") -> Submission Timestamp
A5: =IFERROR(__xludf.DUMMYFUNCTION("""COMPUTED_VALUE"""),"Eileen Wong Hui Qing") -> Eileen Wong Hui Qing | B5: =IFERROR(__xludf.DUMMYFUNCTION("""COMPUTED_VALUE"""),46029.0) -> 46029 | D5: =IFERROR(__xludf.DUMMYFUNCTION("""COMPUTED_VALUE"""),"paksien79@yahoo.com") -> paksien79@yahoo.com | E5: =IFERROR(__xludf.DUMMYFUNCTION("""COMPUTED_VALUE"""),46028.902648703704) -> 46028.903
A6: =IFERROR(__xludf.DUMMYFUNCTION("""COMPUTED_VALUE"""),"Eunice Wong Shi Qing") -> Eunice Wong Shi Qing | B6: =IFERROR(__xludf.DUMMYFUNCTION("""COMPUTED_VALUE"""),46029.0) -> 46029 | D6: =IFERROR(__xludf.DUMMYFUNCTION("""COMPUTED_VALUE"""),"paksien79@yahoo.com") -> paksien79@yahoo.com | E6: =IFERROR(__xludf.DUMMYFUNCTION("""COMPUTED_VALUE"""),46028.902684479166) -> 46028.903
A7: =IFERROR(__xludf.DUMMYFUNCTION("""COMPUTED_VALUE"""),"Ryan Sia Rui Eng") -> Ryan Sia Rui Eng | B7: =IFERROR(__xludf.DUMMYFUNCTION("""COMPUTED_VALUE"""),46032.0) -> 46032 | C7: =IFERROR(__xludf.DUMMYFUNCTION("""COMPUTED_VALUE"""),"10am - 11am") -> 10am - 11am | D7: =IFERROR(__xludf.DUMMYFUNCTION("""COMPUTED_VALUE"""),"mlyii@hotmail.com") -> mlyii@hotmail.com | E7: =IFERROR(__xludf.DUMMYFUNCTION("""COMPUTED_VALUE"""),46031.834884571756) -> 46031.835
A8: =IFERROR(__xludf.DUMMYFUNCTION("""COMPUTED_VALUE"""),"Ryan Sia Rui Eng") -> Ryan Sia Rui Eng | B8: =IFERROR(__xludf.DUMMYFUNCTION("""COMPUTED_VALUE"""),46032.0) -> 46032 | C8: =IFERROR(__xludf.DUMMYFUNCTION("""COMPUTED_VALUE"""),"11am - 12pm") -> 11am - 12pm | D8: =IFERROR(__xludf.DUMMYFUNCTION("""COMPUTED_VALUE"""),"mlyii@hotmail.com") -> mlyii@hotmail.com | E8: =IFERROR(__xludf.DUMMYFUNCTION("""COMPUTED_VALUE"""),46030.596207106486) -> 46030.596
A9: =IFERROR(__xludf.DUMMYFUNCTION("""COMPUTED_VALUE"""),"Noelle Wong Jing Yan") -> Noelle Wong Jing Yan | B9: =IFERROR(__xludf.DUMMYFUNCTION("""COMPUTED_VALUE"""),46032.0) -> 46032 | C9: =IFERROR(__xludf.DUMMYFUNCTION("""COMPUTED_VALUE"""),"2pm - 3pm") -> 2pm - 3pm | D9: =IFERROR(__xludf.DUMMYFUNCTION("""COMPUTED_VALUE"""),"elizabeth_ncf@yahoo.com") -> elizabeth_ncf@yahoo.com | E9: =IFERROR(__xludf.DUMMYFUNCTION("""COMPUTED_VALUE"""),46030.62645577546) -> 46030.626
A10: =IFERROR(__xludf.DUMMYFUNCTION("""COMPUTED_VALUE"""),"Faye Wong Jing tong") -> Faye Wong Jing tong | B10: =IFERROR(__xludf.DUMMYFUNCTION("""COMPUTED_VALUE"""),46032.0) -> 46032 | C10: =IFERROR(__xludf.DUMMYFUNCTION("""COMPUTED_VALUE"""),"2pm - 3pm") -> 2pm - 3pm | D10: =IFERROR(__xludf.DUMMYFUNCTION("""COMPUTED_VALUE"""),"elizabeth_ncf@yahoo.com") -> elizabeth_ncf@yahoo.com | E10: =IFERROR(__xludf.DUMMYFUNCTION("""COMPUTED_VALUE"""),46030.626518634264) -> 46030.627
A11: =IFERROR(__xludf.DUMMYFUNCTION("""COMPUTED_VALUE"""),"Amos Wong Jun Ren") -> Amos Wong Jun Ren | B11: =IFERROR(__xludf.DUMMYFUNCTION("""COMPUTED_VALUE"""),46032.0) -> 46032 | C11: =IFERROR(__xludf.DUMMYFUNCTION("""COMPUTED_VALUE"""),"2pm - 3pm") -> 2pm - 3pm | D11: =IFERROR(__xludf.DUMMYFUNCTION("""COMPUTED_VALUE"""),"elizabeth_ncf@yahoo.com") -> elizabeth_ncf@yahoo.com | E11: =IFERROR(__xludf.DUMMYFUNCTION("""COMPUTED_VALUE"""),46030.62657908565) -> 46030.627
A12: =IFERROR(__xludf.DUMMYFUNCTION("""COMPUTED_VALUE"""),"Evonne Cheng Xin Ning") -> Evonne Cheng Xin Ning | B12: =IFERROR(__xludf.DUMMYFUNCTION("""COMPUTED_VALUE"""),46032.0) -> 46032 | C12: =IFERROR(__xludf.DUMMYFUNCTION("""COMPUTED_VALUE"""),"2pm - 3pm") -> 2pm - 3pm | D12: =IFERROR(__xludf.DUMMYFUNCTION("""COMPUTED_VALUE"""),"cxz526@gmail.com") -> cxz526@gmail.com | E12: =IFERROR(__xludf.DUMMYFUNCTION("""COMPUTED_VALUE"""),46032.51074587963) -> 46032.511
A13: =IFERROR(__xludf.DUMMYFUNCTION("""COMPUTED_VALUE"""),"Jerald Wong Xiang Zhe") -> Jerald Wong Xiang Zhe | B13: =IFERROR(__xludf.DUMMYFUNCTION("""COMPUTED_VALUE"""),46032.0) -> 46032 | C13: =IFERROR(__xludf.DUMMYFUNCTION("""COMPUTED_VALUE"""),"3pm - 4pm") -> 3pm - 4pm | D13: =IFERROR(__xludf.DUMMYFUNCTION("""COMPUTED_VALUE"""),"allisonlcc85@gmail.com") -> allisonlcc85@gmail.com | E13: =IFERROR(__xludf.DUMMYFUNCTION("""COMPUTED_VALUE"""),46030.61846731482) -> 46030.618
A14: =IFERROR(__xludf.DUMMYFUNCTION("""COMPUTED_VALUE"""),"Ryan Wong Bak Chen") -> Ryan Wong Bak Chen | B14: =IFERROR(__xludf.DUMMYFUNCTION("""COMPUTED_VALUE"""),46032.0) -> 46032 | C14: =IFERROR(__xludf.DUMMYFUNCTION("""COMPUTED_VALUE"""),"3pm - 4pm") -> 3pm - 4pm | D14: =IFERROR(__xludf.DUMMYFUNCTION("""COMPUTED_VALUE"""),"maryslloh@gmail.com") -> maryslloh@gmail.com | E14: =IFERROR(__xludf.DUMMYFUNCTION("""COMPUTED_VALUE"""),46031.92997453704) -> 46031.93
A15: =IFERROR(__xludf.DUMMYFUNCTION("""COMPUTED_VALUE"""),"Gladys Wong Jing Wen") -> Gladys Wong Jing Wen | B15: =IFERROR(__xludf.DUMMYFUNCTION("""COMPUTED_VALUE"""),46032.0) -> 46032 | C15: =IFERROR(__xludf.DUMMYFUNCTION("""COMPUTED_VALUE"""),"3pm - 4pm") -> 3pm - 4pm | D15: =IFERROR(__xludf.DUMMYFUNCTION("""COMPUTED_VALUE"""),"maryslloh@gmail.com") -> maryslloh@gmail.com | E15: =IFERROR(__xludf.DUMMYFUNCTION("""COMPUTED_VALUE"""),46031.93001763889) -> 46031.93
A16: =IFERROR(__xludf.DUMMYFUNCTION("""COMPUTED_VALUE"""),"Jonathan Lee Cheng Guan") -> Jonathan Lee Cheng Guan | B16: =IFERROR(__xludf.DUMMYFUNCTION("""COMPUTED_VALUE"""),46032.0) -> 46032 | C16: =IFERROR(__xludf.DUMMYFUNCTION("""COMPUTED_VALUE"""),"3pm - 4pm") -> 3pm - 4pm | D16: =IFERROR(__xludf.DUMMYFUNCTION("""COMPUTED_VALUE"""),"connie.ling@outlook.com") -> connie.ling@outlook.com | E16: =IFERROR(__xludf.DUMMYFUNCTION("""COMPUTED_VALUE"""),46032.508375335645) -> 46032.508
A17: =IFERROR(__xludf.DUMMYFUNCTION("""COMPUTED_VALUE"""),"LUCAS CHIEW WEI HAN") -> LUCAS CHIEW WEI HAN | B17: =IFERROR(__xludf.DUMMYFUNCTION("""COMPUTED_VALUE"""),46032.0) -> 46032 | C17: =IFERROR(__xludf.DUMMYFUNCTION("""COMPUTED_VALUE"""),"4pm - 5pm") -> 4pm - 5pm | D17: =IFERROR(__xludf.DUMMYFUNCTION("""COMPUTED_VALUE"""),"thomaschiew88@gmail.com") -> thomaschiew88@gmail.com | E17: =IFERROR(__xludf.DUMMYFUNCTION("""COMPUTED_VALUE"""),46024.86377545139) -> 46024.864
A18: =IFERROR(__xludf.DUMMYFUNCTION("""COMPUTED_VALUE"""),"KYAN LING") -> KYAN LING | B18: =IFERROR(__xludf.DUMMYFUNCTION("""COMPUTED_VALUE"""),46032.0) -> 46032 | C18: =IFERROR(__xludf.DUMMYFUNCTION("""COMPUTED_VALUE"""),"4pm - 5pm") -> 4pm - 5pm | D18: =IFERROR(__xludf.DUMMYFUNCTION("""COMPUTED_VALUE"""),"hiihee@gmail.com") -> hiihee@gmail.com | E18: =IFERROR(__xludf.DUMMYFUNCTION("""COMPUTED_VALUE"""),46032.34020672453) -> 46032.34
A19: =IFERROR(__xludf.DUMMYFUNCTION("""COMPUTED_VALUE"""),"LUCAS CHIEW WEI HAN") -> LUCAS CHIEW WEI HAN | B19: =IFERROR(__xludf.DUMMYFUNCTION("""COMPUTED_VALUE"""),46032.0) -> 46032 | C19: =IFERROR(__xludf.DUMMYFUNCTION("""COMPUTED_VALUE"""),"9am - 10am") -> 9am - 10am | D19: =IFERROR(__xludf.DUMMYFUNCTION("""COMPUTED_VALUE"""),"thomaschiew88@gmail.com") -> thomaschiew88@gmail.com | E19: =IFERROR(__xludf.DUMMYFUNCTION("""COMPUTED_VALUE"""),46024.85757) -> 46024.858
A20: =IFERROR(__xludf.DUMMYFUNCTION("""COMPUTED_VALUE"""),"Daniel Lee Meng Ze") -> Daniel Lee Meng Ze | B20: =IFERROR(__xludf.DUMMYFUNCTION("""COMPUTED_VALUE"""),46032.0) -> 46032 | C20: =IFERROR(__xludf.DUMMYFUNCTION("""COMPUTED_VALUE"""),"9am - 10am") -> 9am - 10am | D20: =IFERROR(__xludf.DUMMYFUNCTION("""COMPUTED_VALUE"""),"philipda881218@gmail.com") -> philipda881218@gmail.com | E20: =IFERROR(__xludf.DUMMYFUNCTION("""COMPUTED_VALUE"""),46030.62237728009) -> 46030.622
A21: =IFERROR(__xludf.DUMMYFUNCTION("""COMPUTED_VALUE"""),"Osmund Tiong") -> Osmund Tiong | B21: =IFERROR(__xludf.DUMMYFUNCTION("""COMPUTED_VALUE"""),46032.0) -> 46032 | C21: =IFERROR(__xludf.DUMMYFUNCTION("""COMPUTED_VALUE"""),"9am - 10am") -> 9am - 10am | D21: =IFERROR(__xludf.DUMMYFUNCTION("""COMPUTED_VALUE"""),"sfkueh@gmail.com") -> sfkueh@gmail.com | E21: =IFERROR(__xludf.DUMMYFUNCTION("""COMPUTED_VALUE"""),46031.5252234838) -> 46031.525
A22: =IFERROR(__xludf.DUMMYFUNCTION("""COMPUTED_VALUE"""),"Nathanael Lee Yi Yang") -> Nathanael Lee Yi Yang | B22: =IFERROR(__xludf.DUMMYFUNCTION("""COMPUTED_VALUE"""),46034.0) -> 46034 | D22: =IFERROR(__xludf.DUMMYFUNCTION("""COMPUTED_VALUE"""),"mwting88@gmail.com") -> mwting88@gmail.com | E22: =IFERROR(__xludf.DUMMYFUNCTION("""COMPUTED_VALUE"""),46030.79087060185) -> 46030.791
A23: =IFERROR(__xludf.DUMMYFUNCTION("""COMPUTED_VALUE"""),"Ethan Tan") -> Ethan Tan | B23: =IFERROR(__xludf.DUMMYFUNCTION("""COMPUTED_VALUE"""),46034.0) -> 46034 | D23: =IFERROR(__xludf.DUMMYFUNCTION("""COMPUTED_VALUE"""),"grace_eyo@hotmail.com") -> grace_eyo@hotmail.com | E23: =IFERROR(__xludf.DUMMYFUNCTION("""COMPUTED_VALUE"""),46034.49435663194) -> 46034.494
A24: =IFERROR(__xludf.DUMMYFUNCTION("""COMPUTED_VALUE"""),"Ethan lau") -> Ethan lau | B24: =IFERROR(__xludf.DUMMYFUNCTION("""COMPUTED_VALUE"""),46036.0) -> 46036 | D24: =IFERROR(__xludf.DUMMYFUNCTION("""COMPUTED_VALUE"""),"czeung_wong@yahoo.com") -> czeung_wong@yahoo.com | E24: =IFERROR(__xludf.DUMMYFUNCTION("""COMPUTED_VALUE"""),46032.529654513884) -> 46032.53
A25: =IFERROR(__xludf.DUMMYFUNCTION("""COMPUTED_VALUE"""),"Kyan Ling") -> Kyan Ling | B25: =IFERROR(__xludf.DUMMYFUNCTION("""COMPUTED_VALUE"""),46036.0) -> 46036 | D25: =IFERROR(__xludf.DUMMYFUNCTION("""COMPUTED_VALUE"""),"hiihee@gmail.com") -> hiihee@gmail.com | E25: =IFERROR(__xludf.DUMMYFUNCTION("""COMPUTED_VALUE"""),46034.88843946759) -> 46034.888
A26: =IFERROR(__xludf.DUMMYFUNCTION("""COMPUTED_VALUE"""),"Jayden Ling Xian Yang") -> Jayden Ling Xian Yang | B26: =IFERROR(__xludf.DUMMYFUNCTION("""COMPUTED_VALUE"""),46039.0) -> 46039 | C26: =IFERROR(__xludf.DUMMYFUNCTION("""COMPUTED_VALUE"""),"10am - 11am") -> 10am - 11am | D26: =IFERROR(__xludf.DUMMYFUNCTION("""COMPUTED_VALUE"""),"chiewyenboo@yahoo.com.my") -> chiewyenboo@yahoo.com.my | E26: =IFERROR(__xludf.DUMMYFUNCTION("""COMPUTED_VALUE"""),46031.37363054398) -> 46031.374
A27: =IFERROR(__xludf.DUMMYFUNCTION("""COMPUTED_VALUE"""),"Rochester Lee") -> Rochester Lee | B27: =IFERROR(__xludf.DUMMYFUNCTION("""COMPUTED_VALUE"""),46039.0) -> 46039 | C27: =IFERROR(__xludf.DUMMYFUNCTION("""COMPUTED_VALUE"""),"10am - 11am") -> 10am - 11am | D27: =IFERROR(__xludf.DUMMYFUNCTION("""COMPUTED_VALUE"""),"ahchenlovelycat@gmail.com") -> ahchenlovelycat@gmail.com | E27: =IFERROR(__xludf.DUMMYFUNCTION("""COMPUTED_VALUE"""),46037.29546959491) -> 46037.295
A28: =IFERROR(__xludf.DUMMYFUNCTION("""COMPUTED_VALUE"""),"Jerry Yong Ching Hwa") -> Jerry Yong Ching Hwa | B28: =IFERROR(__xludf.DUMMYFUNCTION("""COMPUTED_VALUE"""),46039.0) -> 46039 | C28: =IFERROR(__xludf.DUMMYFUNCTION("""COMPUTED_VALUE"""),"10am - 11am") -> 10am - 11am | D28: =IFERROR(__xludf.DUMMYFUNCTION("""COMPUTED_VALUE"""),"sweetjojo1509@yahoo.com") -> sweetjojo1509@yahoo.com | E28: =IFERROR(__xludf.DUMMYFUNCTION("""COMPUTED_VALUE"""),46037.30928282408) -> 46037.309
A29: =IFERROR(__xludf.DUMMYFUNCTION("""COMPUTED_VALUE"""),"LAU JYI XIAN") -> LAU JYI XIAN | B29: =IFERROR(__xludf.DUMMYFUNCTION("""COMPUTED_VALUE"""),46039.0) -> 46039 | C29: =IFERROR(__xludf.DUMMYFUNCTION("""COMPUTED_VALUE"""),"11am - 12pm") -> 11am - 12pm | D29: =IFERROR(__xludf.DUMMYFUNCTION("""COMPUTED_VALUE"""),"chiouyilau@yahoo.com") -> chiouyilau@yahoo.com | E29: =IFERROR(__xludf.DUMMYFUNCTION("""COMPUTED_VALUE"""),46038.8506146875) -> 46038.851
A30: =IFERROR(__xludf.DUMMYFUNCTION("""COMPUTED_VALUE"""),"LAU YONG") -> LAU YONG | B30: =IFERROR(__xludf.DUMMYFUNCTION("""COMPUTED_VALUE"""),46039.0) -> 46039 | C30: =IFERROR(__xludf.DUMMYFUNCTION("""COMPUTED_VALUE"""),"11am - 12pm") -> 11am - 12pm | D30: =IFERROR(__xludf.DUMMYFUNCTION("""COMPUTED_VALUE"""),"chiouyilau@yahoo.com") -> chiouyilau@yahoo.com | E30: =IFERROR(__xludf.DUMMYFUNCTION("""COMPUTED_VALUE"""),46038.850654131944) -> 46038.851
A31: =IFERROR(__xludf.DUMMYFUNCTION("""COMPUTED_VALUE"""),"Abraham ak Francis Engkala") -> Abraham ak Francis Engkala | B31: =IFERROR(__xludf.DUMMYFUNCTION("""COMPUTED_VALUE"""),46039.0) -> 46039 | C31: =IFERROR(__xludf.DUMMYFUNCTION("""COMPUTED_VALUE"""),"9am - 10am") -> 9am - 10am | D31: =IFERROR(__xludf.DUMMYFUNCTION("""COMPUTED_VALUE"""),"BOY007LIS@GMAIL.COM") -> BOY007LIS@GMAIL.COM | E31: =IFERROR(__xludf.DUMMYFUNCTION("""COMPUTED_VALUE"""),46036.22480253472) -> 46036.225
A32: =IFERROR(__xludf.DUMMYFUNCTION("""COMPUTED_VALUE"""),"Rochester Lee") -> Rochester Lee | B32: =IFERROR(__xludf.DUMMYFUNCTION("""COMPUTED_VALUE"""),46039.0) -> 46039 | C32: =IFERROR(__xludf.DUMMYFUNCTION("""COMPUTED_VALUE"""),"9am - 10am") -> 9am - 10am | D32: =IFERROR(__xludf.DUMMYFUNCTION("""COMPUTED_VALUE"""),"ahchenlovelycat@gmail.com") -> ahchenlovelycat@gmail.com | E32: =IFERROR(__xludf.DUMMYFUNCTION("""COMPUTED_VALUE"""),46037.29542521991) -> 46037.295
A33: =IFERROR(__xludf.DUMMYFUNCTION("""COMPUTED_VALUE"""),"Jerry Yong Ching Hwa") -> Jerry Yong Ching Hwa | B33: =IFERROR(__xludf.DUMMYFUNCTION("""COMPUTED_VALUE"""),46039.0) -> 46039 | C33: =IFERROR(__xludf.DUMMYFUNCTION("""COMPUTED_VALUE"""),"9am - 10am") -> 9am - 10am | D33: =IFERROR(__xludf.DUMMYFUNCTION("""COMPUTED_VALUE"""),"sweetjojo1509@yahoo.com") -> sweetjojo1509@yahoo.com | E33: =IFERROR(__xludf.DUMMYFUNCTION("""COMPUTED_VALUE"""),46037.309242731484) -> 46037.309
A34: =IFERROR(__xludf.DUMMYFUNCTION("""COMPUTED_VALUE"""),"Nathanael Lee Yi Yang") -> Nathanael Lee Yi Yang | B34: =IFERROR(__xludf.DUMMYFUNCTION("""COMPUTED_VALUE"""),46041.0) -> 46041 | D34: =IFERROR(__xludf.DUMMYFUNCTION("""COMPUTED_VALUE"""),"mwting88@gmail.com") -> mwting88@gmail.com | E34: =IFERROR(__xludf.DUMMYFUNCTION("""COMPUTED_VALUE"""),46038.33062064815) -> 46038.331
A35: =IFERROR(__xludf.DUMMYFUNCTION("""COMPUTED_VALUE"""),"Gia Lim Jia En") -> Gia Lim Jia En | B35: =IFERROR(__xludf.DUMMYFUNCTION("""COMPUTED_VALUE"""),46041.0) -> 46041 | D35: =IFERROR(__xludf.DUMMYFUNCTION("""COMPUTED_VALUE"""),"winniewkl81@gmail.com") -> winniewkl81@gmail.com | E35: =IFERROR(__xludf.DUMMYFUNCTION("""COMPUTED_VALUE"""),46038.725313738425) -> 46038.725
A36: =IFERROR(__xludf.DUMMYFUNCTION("""COMPUTED_VALUE"""),"Nea Hairani binti Hairul Hairi") -> Nea Hairani binti Hairul Hairi | B36: =IFERROR(__xludf.DUMMYFUNCTION("""COMPUTED_VALUE"""),46046.0) -> 46046 | C36: =IFERROR(__xludf.DUMMYFUNCTION("""COMPUTED_VALUE"""),"10am - 11am") -> 10am - 11am | D36: =IFERROR(__xludf.DUMMYFUNCTION("""COMPUTED_VALUE"""),"hairulhairi84@gmail.com") -> hairulhairi84@gmail.com | E36: =IFERROR(__xludf.DUMMYFUNCTION("""COMPUTED_VALUE"""),46042.629170625005) -> 46042.629
A37: =IFERROR(__xludf.DUMMYFUNCTION("""COMPUTED_VALUE"""),"LAU JYI XIAN") -> LAU JYI XIAN | B37: =IFERROR(__xludf.DUMMYFUNCTION("""COMPUTED_VALUE"""),46046.0) -> 46046 | C37: =IFERROR(__xludf.DUMMYFUNCTION("""COMPUTED_VALUE"""),"11am - 12pm") -> 11am - 12pm | D37: =IFERROR(__xludf.DUMMYFUNCTION("""COMPUTED_VALUE"""),"chiouyilau@yahoo.com") -> chiouyilau@yahoo.com | E37: =IFERROR(__xludf.DUMMYFUNCTION("""COMPUTED_VALUE"""),46045.779993993056) -> 46045.78
A38: =IFERROR(__xludf.DUMMYFUNCTION("""COMPUTED_VALUE"""),"LAU YONG") -> LAU YONG | B38: =IFERROR(__xludf.DUMMYFUNCTION("""COMPUTED_VALUE"""),46046.0) -> 46046 | C38: =IFERROR(__xludf.DUMMYFUNCTION("""COMPUTED_VALUE"""),"11am - 12pm") -> 11am - 12pm | D38: =IFERROR(__xludf.DUMMYFUNCTION("""COMPUTED_VALUE"""),"chiouyilau@yahoo.com") -> chiouyilau@yahoo.com | E38: =IFERROR(__xludf.DUMMYFUNCTION("""COMPUTED_VALUE"""),46045.78003440972) -> 46045.78
A39: =IFERROR(__xludf.DUMMYFUNCTION("""COMPUTED_VALUE"""),"Thomas Tiong") -> Thomas Tiong | B39: =IFERROR(__xludf.DUMMYFUNCTION("""COMPUTED_VALUE"""),46046.0) -> 46046 | C39: =IFERROR(__xludf.DUMMYFUNCTION("""COMPUTED_VALUE"""),"2pm - 3pm") -> 2pm - 3pm | D39: =IFERROR(__xludf.DUMMYFUNCTION("""COMPUTED_VALUE"""),"rosengui886@gmail.com") -> rosengui886@gmail.com | E39: =IFERROR(__xludf.DUMMYFUNCTION("""COMPUTED_VALUE"""),46046.550658148146) -> 46046.551
A40: =IFERROR(__xludf.DUMMYFUNCTION("""COMPUTED_VALUE"""),"WONG SHI YAW") -> WONG SHI YAW | B40: =IFERROR(__xludf.DUMMYFUNCTION("""COMPUTED_VALUE"""),46046.0) -> 46046 | C40: =IFERROR(__xludf.DUMMYFUNCTION("""COMPUTED_VALUE"""),"3pm - 4pm") -> 3pm - 4pm | D40: =IFERROR(__xludf.DUMMYFUNCTION("""COMPUTED_VALUE"""),"siewyew_sim@yahoo.com") -> siewyew_sim@yahoo.com | E40: =IFERROR(__xludf.DUMMYFUNCTION("""COMPUTED_VALUE"""),46046.35416319444) -> 46046.354
A41: =IFERROR(__xludf.DUMMYFUNCTION("""COMPUTED_VALUE"""),"Rochester Lee") -> Rochester Lee | B41: =IFERROR(__xludf.DUMMYFUNCTION("""COMPUTED_VALUE"""),46046.0) -> 46046 | C41: =IFERROR(__xludf.DUMMYFUNCTION("""COMPUTED_VALUE"""),"9am - 10am") -> 9am - 10am | D41: =IFERROR(__xludf.DUMMYFUNCTION("""COMPUTED_VALUE"""),"ahchenlovelycat@gmail.com") -> ahchenlovelycat@gmail.com | E41: =IFERROR(__xludf.DUMMYFUNCTION("""COMPUTED_VALUE"""),46044.383656377315) -> 46044.384
A42: =IFERROR(__xludf.DUMMYFUNCTION("""COMPUTED_VALUE"""),"Gia Lim Jia En") -> Gia Lim Jia En | B42: =IFERROR(__xludf.DUMMYFUNCTION("""COMPUTED_VALUE"""),46050.0) -> 46050 | D42: =IFERROR(__xludf.DUMMYFUNCTION("""COMPUTED_VALUE"""),"winniewkl81@gmail.com") -> winniewkl81@gmail.com | E42: =IFERROR(__xludf.DUMMYFUNCTION("""COMPUTED_VALUE"""),46049.2820437037) -> 46049.282
A43: =IFERROR(__xludf.DUMMYFUNCTION("""COMPUTED_VALUE"""),"Jerry Yong Ching Hwa") -> Jerry Yong Ching Hwa | B43: =IFERROR(__xludf.DUMMYFUNCTION("""COMPUTED_VALUE"""),46053.0) -> 46053 | C43: =IFERROR(__xludf.DUMMYFUNCTION("""COMPUTED_VALUE"""),"10am - 11am") -> 10am - 11am | D43: =IFERROR(__xludf.DUMMYFUNCTION("""COMPUTED_VALUE"""),"sweetjojo1509@yahoo.com") -> sweetjojo1509@yahoo.com | E43: =IFERROR(__xludf.DUMMYFUNCTION("""COMPUTED_VALUE"""),46047.58189901621) -> 46047.582
A44: =IFERROR(__xludf.DUMMYFUNCTION("""COMPUTED_VALUE"""),"LAU JYI XIAN") -> LAU JYI XIAN | B44: =IFERROR(__xludf.DUMMYFUNCTION("""COMPUTED_VALUE"""),46053.0) -> 46053 | C44: =IFERROR(__xludf.DUMMYFUNCTION("""COMPUTED_VALUE"""),"11am - 12pm") -> 11am - 12pm | D44: =IFERROR(__xludf.DUMMYFUNCTION("""COMPUTED_VALUE"""),"chiouyilau@yahoo.com") -> chiouyilau@yahoo.com | E44: =IFERROR(__xludf.DUMMYFUNCTION("""COMPUTED_VALUE"""),46052.78034711805) -> 46052.78
A45: =IFERROR(__xludf.DUMMYFUNCTION("""COMPUTED_VALUE"""),"LAU YONG") -> LAU YONG | B45: =IFERROR(__xludf.DUMMYFUNCTION("""COMPUTED_VALUE"""),46053.0) -> 46053 | C45: =IFERROR(__xludf.DUMMYFUNCTION("""COMPUTED_VALUE"""),"11am - 12pm") -> 11am - 12pm | D45: =IFERROR(__xludf.DUMMYFUNCTION("""COMPUTED_VALUE"""),"chiouyilau@yahoo.com") -> chiouyilau@yahoo.com | E45: =IFERROR(__xludf.DUMMYFUNCTION("""COMPUTED_VALUE"""),46052.7803872338) -> 46052.78
A46: =IFERROR(__xludf.DUMMYFUNCTION("""COMPUTED_VALUE"""),"ETHAN KOH CHYA BING") -> ETHAN KOH CHYA BING | B46: =IFERROR(__xludf.DUMMYFUNCTION("""COMPUTED_VALUE"""),46053.0) -> 46053 | C46: =IFERROR(__xludf.DUMMYFUNCTION("""COMPUTED_VALUE"""),"3pm - 4pm") -> 3pm - 4pm | D46: =IFERROR(__xludf.DUMMYFUNCTION("""COMPUTED_VALUE"""),"kohkeehin19851211@yahoo.com.my") -> kohkeehin19851211@yahoo.com.my | E46: =IFERROR(__xludf.DUMMYFUNCTION("""COMPUTED_VALUE"""),46046.596773495374) -> 46046.597
A47: =IFERROR(__xludf.DUMMYFUNCTION("""COMPUTED_VALUE"""),"Daniel Lee Meng Ze") -> Daniel Lee Meng Ze | B47: =IFERROR(__xludf.DUMMYFUNCTION("""COMPUTED_VALUE"""),46053.0) -> 46053 | C47: =IFERROR(__xludf.DUMMYFUNCTION("""COMPUTED_VALUE"""),"3pm - 4pm") -> 3pm - 4pm | D47: =IFERROR(__xludf.DUMMYFUNCTION("""COMPUTED_VALUE"""),"philipda881218@gmail.com") -> philipda881218@gmail.com | E47: =IFERROR(__xludf.DUMMYFUNCTION("""COMPUTED_VALUE"""),46048.7086190625) -> 46048.709
A48: =IFERROR(__xludf.DUMMYFUNCTION("""COMPUTED_VALUE"""),"hng khar jun") -> hng khar jun | B48: =IFERROR(__xludf.DUMMYFUNCTION("""COMPUTED_VALUE"""),46053.0) -> 46053 | C48: =IFERROR(__xludf.DUMMYFUNCTION("""COMPUTED_VALUE"""),"3pm - 4pm") -> 3pm - 4pm | D48: =IFERROR(__xludf.DUMMYFUNCTION("""COMPUTED_VALUE"""),"bilvluis@gmail.com") -> bilvluis@gmail.com | E48: =IFERROR(__xludf.DUMMYFUNCTION("""COMPUTED_VALUE"""),46052.82553482639) -> 46052.826
A49: =IFERROR(__xludf.DUMMYFUNCTION("""COMPUTED_VALUE"""),"Daniel Lee Meng Ze") -> Daniel Lee Meng Ze | B49: =IFERROR(__xludf.DUMMYFUNCTION("""COMPUTED_VALUE"""),46053.0) -> 46053 | C49: =IFERROR(__xludf.DUMMYFUNCTION("""COMPUTED_VALUE"""),"4pm - 5pm") -> 4pm - 5pm | D49: =IFERROR(__xludf.DUMMYFUNCTION("""COMPUTED_VALUE"""),"philipda881218@gmail.com") -> philipda881218@gmail.com | E49: =IFERROR(__xludf.DUMMYFUNCTION("""COMPUTED_VALUE"""),46048.70866709491) -> 46048.709
A50: =IFERROR(__xludf.DUMMYFUNCTION("""COMPUTED_VALUE"""),"andrew chai") -> andrew chai | B50: =IFERROR(__xludf.DUMMYFUNCTION("""COMPUTED_VALUE"""),46053.0) -> 46053 | C50: =IFERROR(__xludf.DUMMYFUNCTION("""COMPUTED_VALUE"""),"4pm - 5pm") -> 4pm - 5pm | D50: =IFERROR(__xludf.DUMMYFUNCTION("""COMPUTED_VALUE"""),"lingkunghee@yahoo.com") -> lingkunghee@yahoo.com | E50: =IFERROR(__xludf.DUMMYFUNCTION("""COMPUTED_VALUE"""),46053.57486340278) -> 46053.575
A51: =IFERROR(__xludf.DUMMYFUNCTION("""COMPUTED_VALUE"""),"Jerry Yong Ching Hwa") -> Jerry Yong Ching Hwa | B51: =IFERROR(__xludf.DUMMYFUNCTION("""COMPUTED_VALUE"""),46053.0) -> 46053 | C51: =IFERROR(__xludf.DUMMYFUNCTION("""COMPUTED_VALUE"""),"9am - 10am") -> 9am - 10am | D51: =IFERROR(__xludf.DUMMYFUNCTION("""COMPUTED_VALUE"""),"sweetjojo1509@yahoo.com") -> sweetjojo1509@yahoo.com | E51: =IFERROR(__xludf.DUMMYFUNCTION("""COMPUTED_VALUE"""),46045.7883840162) -> 46045.788
A52: =IFERROR(__xludf.DUMMYFUNCTION("""COMPUTED_VALUE"""),"LUCAS TING KER JUN") -> LUCAS TING KER JUN | B52: =IFERROR(__xludf.DUMMYFUNCTION("""COMPUTED_VALUE"""),46053.0) -> 46053 | C52: =IFERROR(__xludf.DUMMYFUNCTION("""COMPUTED_VALUE"""),"9am - 10am") -> 9am - 10am | D52: =IFERROR(__xludf.DUMMYFUNCTION("""COMPUTED_VALUE"""),"tingweeyii@gmail.com") -> tingweeyii@gmail.com | E52: =IFERROR(__xludf.DUMMYFUNCTION("""COMPUTED_VALUE"""),46049.276718506946) -> 46049.277
A53: =IFERROR(__xludf.DUMMYFUNCTION("""COMPUTED_VALUE"""),"Rochester Lee") -> Rochester Lee | B53: =IFERROR(__xludf.DUMMYFUNCTION("""COMPUTED_VALUE"""),46053.0) -> 46053 | C53: =IFERROR(__xludf.DUMMYFUNCTION("""COMPUTED_VALUE"""),"9am - 10am") -> 9am - 10am | D53: =IFERROR(__xludf.DUMMYFUNCTION("""COMPUTED_VALUE"""),"ahchenlovelycat@gmail.com") -> ahchenlovelycat@gmail.com | E53: =IFERROR(__xludf.DUMMYFUNCTION("""COMPUTED_VALUE"""),46050.909449768515) -> 46050.909
A54: =IFERROR(__xludf.DUMMYFUNCTION("""COMPUTED_VALUE"""),"Esme Ling Ruicy") -> Esme Ling Ruicy | B54: =IFERROR(__xludf.DUMMYFUNCTION("""COMPUTED_VALUE"""),46057.0) -> 46057 | D54: =IFERROR(__xludf.DUMMYFUNCTION("""COMPUTED_VALUE"""),"ohpinpin@gmail.com") -> ohpinpin@gmail.com | E54: =IFERROR(__xludf.DUMMYFUNCTION("""COMPUTED_VALUE"""),46053.469766689814) -> 46053.47
A55: =IFERROR(__xludf.DUMMYFUNCTION("""COMPUTED_VALUE"""),"Eeson") -> Eeson | B55: =IFERROR(__xludf.DUMMYFUNCTION("""COMPUTED_VALUE"""),46057.0) -> 46057 | D55: =IFERROR(__xludf.DUMMYFUNCTION("""COMPUTED_VALUE"""),"usewatyougot@yahoo.com") -> usewatyougot@yahoo.com | E55: =IFERROR(__xludf.DUMMYFUNCTION("""COMPUTED_VALUE"""),46057.321133460646) -> 46057.321
A56: =IFERROR(__xludf.DUMMYFUNCTION("""COMPUTED_VALUE"""),"Jarvis Ningkan") -> Jarvis Ningkan | B56: =IFERROR(__xludf.DUMMYFUNCTION("""COMPUTED_VALUE"""),46060.0) -> 46060 | C56: =IFERROR(__xludf.DUMMYFUNCTION("""COMPUTED_VALUE"""),"10am - 11am") -> 10am - 11am | D56: =IFERROR(__xludf.DUMMYFUNCTION("""COMPUTED_VALUE"""),"EugenieWilfred@gmail.com") -> EugenieWilfred@gmail.com | E56: =IFERROR(__xludf.DUMMYFUNCTION("""COMPUTED_VALUE"""),46050.78509805555) -> 46050.785
A57: =IFERROR(__xludf.DUMMYFUNCTION("""COMPUTED_VALUE"""),"CLOVIS LOW ZHAO MING") -> CLOVIS LOW ZHAO MING | B57: =IFERROR(__xludf.DUMMYFUNCTION("""COMPUTED_VALUE"""),46060.0) -> 46060 | C57: =IFERROR(__xludf.DUMMYFUNCTION("""COMPUTED_VALUE"""),"10am - 11am") -> 10am - 11am | D57: =IFERROR(__xludf.DUMMYFUNCTION("""COMPUTED_VALUE"""),"helen_83heikon@hotmail.com") -> helen_83heikon@hotmail.com | E57: =IFERROR(__xludf.DUMMYFUNCTION("""COMPUTED_VALUE"""),46053.307494479166) -> 46053.307
A58: =IFERROR(__xludf.DUMMYFUNCTION("""COMPUTED_VALUE"""),"Cody Chan") -> Cody Chan | B58: =IFERROR(__xludf.DUMMYFUNCTION("""COMPUTED_VALUE"""),46060.0) -> 46060 | C58: =IFERROR(__xludf.DUMMYFUNCTION("""COMPUTED_VALUE"""),"10am - 11am") -> 10am - 11am | D58: =IFERROR(__xludf.DUMMYFUNCTION("""COMPUTED_VALUE"""),"tengpjng81@hotmail.com") -> tengpjng81@hotmail.com | E58: =IFERROR(__xludf.DUMMYFUNCTION("""COMPUTED_VALUE"""),46059.330875) -> 46059.331
A59: =IFERROR(__xludf.DUMMYFUNCTION("""COMPUTED_VALUE"""),"Jarvis Ningkan") -> Jarvis Ningkan | B59: =IFERROR(__xludf.DUMMYFUNCTION("""COMPUTED_VALUE"""),46060.0) -> 46060 | C59: =IFERROR(__xludf.DUMMYFUNCTION("""COMPUTED_VALUE"""),"11am - 12pm") -> 11am - 12pm | D59: =IFERROR(__xludf.DUMMYFUNCTION("""COMPUTED_VALUE"""),"EugenieWilfred@gmail.com") -> EugenieWilfred@gmail.com | E59: =IFERROR(__xludf.DUMMYFUNCTION("""COMPUTED_VALUE"""),46050.78513685185) -> 46050.785
A60: =IFERROR(__xludf.DUMMYFUNCTION("""COMPUTED_VALUE"""),"Josh Ting") -> Josh Ting | B60: =IFERROR(__xludf.DUMMYFUNCTION("""COMPUTED_VALUE"""),46060.0) -> 46060 | C60: =IFERROR(__xludf.DUMMYFUNCTION("""COMPUTED_VALUE"""),"11am - 12pm") -> 11am - 12pm | D60: =IFERROR(__xludf.DUMMYFUNCTION("""COMPUTED_VALUE"""),"chloeping_2011@yahoo.com") -> chloeping_2011@yahoo.com | E60: =IFERROR(__xludf.DUMMYFUNCTION("""COMPUTED_VALUE"""),46055.698484085646) -> 46055.698
A61: =IFERROR(__xludf.DUMMYFUNCTION("""COMPUTED_VALUE"""),"LAU JYI XIAN") -> LAU JYI XIAN | B61: =IFERROR(__xludf.DUMMYFUNCTION("""COMPUTED_VALUE"""),46060.0) -> 46060 | C61: =IFERROR(__xludf.DUMMYFUNCTION("""COMPUTED_VALUE"""),"11am - 12pm") -> 11am - 12pm | D61: =IFERROR(__xludf.DUMMYFUNCTION("""COMPUTED_VALUE"""),"chiouyilau@yahoo.com") -> chiouyilau@yahoo.com | E61: =IFERROR(__xludf.DUMMYFUNCTION("""COMPUTED_VALUE"""),46059.793601840276) -> 46059.794
A62: =IFERROR(__xludf.DUMMYFUNCTION("""COMPUTED_VALUE"""),"LAU YONG") -> LAU YONG | B62: =IFERROR(__xludf.DUMMYFUNCTION("""COMPUTED_VALUE"""),46060.0) -> 46060 | C62: =IFERROR(__xludf.DUMMYFUNCTION("""COMPUTED_VALUE"""),"11am - 12pm") -> 11am - 12pm | D62: =IFERROR(__xludf.DUMMYFUNCTION("""COMPUTED_VALUE"""),"chiouyilau@yahoo.com") -> chiouyilau@yahoo.com | E62: =IFERROR(__xludf.DUMMYFUNCTION("""COMPUTED_VALUE"""),46059.79364561343) -> 46059.794
A63: =IFERROR(__xludf.DUMMYFUNCTION("""COMPUTED_VALUE"""),"Rochester Lee Eu Jyun") -> Rochester Lee Eu Jyun | B63: =IFERROR(__xludf.DUMMYFUNCTION("""COMPUTED_VALUE"""),46060.0) -> 46060 | C63: =IFERROR(__xludf.DUMMYFUNCTION("""COMPUTED_VALUE"""),"9am - 10am") -> 9am - 10am | D63: =IFERROR(__xludf.DUMMYFUNCTION("""COMPUTED_VALUE"""),"ahchenlovelycat@gmail.com") -> ahchenlovelycat@gmail.com | E63: =IFERROR(__xludf.DUMMYFUNCTION("""COMPUTED_VALUE"""),46057.92081930555) -> 46057.921
A64: =IFERROR(__xludf.DUMMYFUNCTION("""COMPUTED_VALUE"""),"Dalton yik haw xuan") -> Dalton yik haw xuan | B64: =IFERROR(__xludf.DUMMYFUNCTION("""COMPUTED_VALUE"""),46062.0) -> 46062 | D64: =IFERROR(__xludf.DUMMYFUNCTION("""COMPUTED_VALUE"""),"margaret_kiu@hotmail.com") -> margaret_kiu@hotmail.com | E64: =IFERROR(__xludf.DUMMYFUNCTION("""COMPUTED_VALUE"""),46056.46774709491) -> 46056.468
A65: =IFERROR(__xludf.DUMMYFUNCTION("""COMPUTED_VALUE"""),"Howard Ling") -> Howard Ling | B65: =IFERROR(__xludf.DUMMYFUNCTION("""COMPUTED_VALUE"""),46062.0) -> 46062 | D65: =IFERROR(__xludf.DUMMYFUNCTION("""COMPUTED_VALUE"""),"viviminnie8787@hotmail.com") -> viviminnie8787@hotmail.com | E65: =IFERROR(__xludf.DUMMYFUNCTION("""COMPUTED_VALUE"""),46061.622530625) -> 46061.623
A66: =IFERROR(__xludf.DUMMYFUNCTION("""COMPUTED_VALUE"""),"OSCAR KHIEW JIAN LYN") -> OSCAR KHIEW JIAN LYN | B66: =IFERROR(__xludf.DUMMYFUNCTION("""COMPUTED_VALUE"""),46064.0) -> 46064 | D66: =IFERROR(__xludf.DUMMYFUNCTION("""COMPUTED_VALUE"""),"shu0205ming@gmail.com") -> shu0205ming@gmail.com | E66: =IFERROR(__xludf.DUMMYFUNCTION("""COMPUTED_VALUE"""),46056.420244340276) -> 46056.42
A67: =IFERROR(__xludf.DUMMYFUNCTION("""COMPUTED_VALUE"""),"Ethan lau hui hong") -> Ethan lau hui hong | B67: =IFERROR(__xludf.DUMMYFUNCTION("""COMPUTED_VALUE"""),46067.0) -> 46067 | C67: =IFERROR(__xludf.DUMMYFUNCTION("""COMPUTED_VALUE"""),"10am - 11am") -> 10am - 11am | D67: =IFERROR(__xludf.DUMMYFUNCTION("""COMPUTED_VALUE"""),"czeung_wong@yahoo.com") -> czeung_wong@yahoo.com | E67: =IFERROR(__xludf.DUMMYFUNCTION("""COMPUTED_VALUE"""),46067.30062483797) -> 46067.301
A68: =IFERROR(__xludf.DUMMYFUNCTION("""COMPUTED_VALUE"""),"LAU JYI XIAN") -> LAU JYI XIAN | B68: =IFERROR(__xludf.DUMMYFUNCTION("""COMPUTED_VALUE"""),46067.0) -> 46067 | C68: =IFERROR(__xludf.DUMMYFUNCTION("""COMPUTED_VALUE"""),"11am - 12pm") -> 11am - 12pm | D68: =IFERROR(__xludf.DUMMYFUNCTION("""COMPUTED_VALUE"""),"chiouyilau@yahoo.com") -> chiouyilau@yahoo.com | E68: =IFERROR(__xludf.DUMMYFUNCTION("""COMPUTED_VALUE"""),46066.85017291667) -> 46066.85
A69: =IFERROR(__xludf.DUMMYFUNCTION("""COMPUTED_VALUE"""),"LAU YONG") -> LAU YONG | B69: =IFERROR(__xludf.DUMMYFUNCTION("""COMPUTED_VALUE"""),46067.0) -> 46067 | C69: =IFERROR(__xludf.DUMMYFUNCTION("""COMPUTED_VALUE"""),"11am - 12pm") -> 11am - 12pm | D69: =IFERROR(__xludf.DUMMYFUNCTION("""COMPUTED_VALUE"""),"chiouyilau@yahoo.com") -> chiouyilau@yahoo.com | E69: =IFERROR(__xludf.DUMMYFUNCTION("""COMPUTED_VALUE"""),46066.85020862268) -> 46066.85
A70: =IFERROR(__xludf.DUMMYFUNCTION("""COMPUTED_VALUE"""),"Edric Yong Tian Jun") -> Edric Yong Tian Jun | B70: =IFERROR(__xludf.DUMMYFUNCTION("""COMPUTED_VALUE"""),46067.0) -> 46067 | C70: =IFERROR(__xludf.DUMMYFUNCTION("""COMPUTED_VALUE"""),"11am - 12pm") -> 11am - 12pm | D70: =IFERROR(__xludf.DUMMYFUNCTION("""COMPUTED_VALUE"""),"loitecklee2014@gmail.com") -> loitecklee2014@gmail.com | E70: =IFERROR(__xludf.DUMMYFUNCTION("""COMPUTED_VALUE"""),46067.38912309028) -> 46067.389
A71: =IFERROR(__xludf.DUMMYFUNCTION("""COMPUTED_VALUE"""),"Ivan Tan Jun Haw") -> Ivan Tan Jun Haw | B71: =IFERROR(__xludf.DUMMYFUNCTION("""COMPUTED_VALUE"""),46067.0) -> 46067 | C71: =IFERROR(__xludf.DUMMYFUNCTION("""COMPUTED_VALUE"""),"2pm - 3pm") -> 2pm - 3pm | D71: =IFERROR(__xludf.DUMMYFUNCTION("""COMPUTED_VALUE"""),"solar81@yahoo.com") -> solar81@yahoo.com | E71: =IFERROR(__xludf.DUMMYFUNCTION("""COMPUTED_VALUE"""),46063.56318025463) -> 46063.563
A72: =IFERROR(__xludf.DUMMYFUNCTION("""COMPUTED_VALUE"""),"Jvan Tan Jun Yik") -> Jvan Tan Jun Yik | B72: =IFERROR(__xludf.DUMMYFUNCTION("""COMPUTED_VALUE"""),46067.0) -> 46067 | C72: =IFERROR(__xludf.DUMMYFUNCTION("""COMPUTED_VALUE"""),"2pm - 3pm") -> 2pm - 3pm | D72: =IFERROR(__xludf.DUMMYFUNCTION("""COMPUTED_VALUE"""),"solar81@yahoo.com") -> solar81@yahoo.com | E72: =IFERROR(__xludf.DUMMYFUNCTION("""COMPUTED_VALUE"""),46063.56322414352) -> 46063.563
A73: =IFERROR(__xludf.DUMMYFUNCTION("""COMPUTED_VALUE"""),"Noelle Wong Jing Yan") -> Noelle Wong Jing Yan | B73: =IFERROR(__xludf.DUMMYFUNCTION("""COMPUTED_VALUE"""),46067.0) -> 46067 | C73: =IFERROR(__xludf.DUMMYFUNCTION("""COMPUTED_VALUE"""),"2pm - 3pm") -> 2pm - 3pm | D73: =IFERROR(__xludf.DUMMYFUNCTION("""COMPUTED_VALUE"""),"elizabeth_ncf@yahoo.com") -> elizabeth_ncf@yahoo.com | E73: =IFERROR(__xludf.DUMMYFUNCTION("""COMPUTED_VALUE"""),46064.73281695602) -> 46064.733
A74: =IFERROR(__xludf.DUMMYFUNCTION("""COMPUTED_VALUE"""),"Faye Wong Jing Tong") -> Faye Wong Jing Tong | B74: =IFERROR(__xludf.DUMMYFUNCTION("""COMPUTED_VALUE"""),46067.0) -> 46067 | C74: =IFERROR(__xludf.DUMMYFUNCTION("""COMPUTED_VALUE"""),"2pm - 3pm") -> 2pm - 3pm | D74: =IFERROR(__xludf.DUMMYFUNCTION("""COMPUTED_VALUE"""),"elizabeth_ncf@yahoo.com") -> elizabeth_ncf@yahoo.com | E74: =IFERROR(__xludf.DUMMYFUNCTION("""COMPUTED_VALUE"""),46064.732851215274) -> 46064.733
A75: =IFERROR(__xludf.DUMMYFUNCTION("""COMPUTED_VALUE"""),"Amos Wong Jun Ren") -> Amos Wong Jun Ren | B75: =IFERROR(__xludf.DUMMYFUNCTION("""COMPUTED_VALUE"""),46067.0) -> 46067 | C75: =IFERROR(__xludf.DUMMYFUNCTION("""COMPUTED_VALUE"""),"2pm - 3pm") -> 2pm - 3pm | D75: =IFERROR(__xludf.DUMMYFUNCTION("""COMPUTED_VALUE"""),"elizabeth_ncf@yahoo.com") -> elizabeth_ncf@yahoo.com | E75: =IFERROR(__xludf.DUMMYFUNCTION("""COMPUTED_VALUE"""),46064.732885509264) -> 46064.733
A76: =IFERROR(__xludf.DUMMYFUNCTION("""COMPUTED_VALUE"""),"Evonne Cheng") -> Evonne Cheng | B76: =IFERROR(__xludf.DUMMYFUNCTION("""COMPUTED_VALUE"""),46067.0) -> 46067 | C76: =IFERROR(__xludf.DUMMYFUNCTION("""COMPUTED_VALUE"""),"2pm - 3pm") -> 2pm - 3pm | D76: =IFERROR(__xludf.DUMMYFUNCTION("""COMPUTED_VALUE"""),"cxz526@gmail.com") -> cxz526@gmail.com | E76: =IFERROR(__xludf.DUMMYFUNCTION("""COMPUTED_VALUE"""),46066.87087416666) -> 46066.871
A77: =IFERROR(__xludf.DUMMYFUNCTION("""COMPUTED_VALUE"""),"Daniel Lee Meng Ze") -> Daniel Lee Meng Ze | B77: =IFERROR(__xludf.DUMMYFUNCTION("""COMPUTED_VALUE"""),46067.0) -> 46067 | C77: =IFERROR(__xludf.DUMMYFUNCTION("""COMPUTED_VALUE"""),"3pm - 4pm") -> 3pm - 4pm | D77: =IFERROR(__xludf.DUMMYFUNCTION("""COMPUTED_VALUE"""),"philipda881218@gmail.com") -> philipda881218@gmail.com | E77: =IFERROR(__xludf.DUMMYFUNCTION("""COMPUTED_VALUE"""),46064.833366122686) -> 46064.833
A78: =IFERROR(__xludf.DUMMYFUNCTION("""COMPUTED_VALUE"""),"Alston Chan") -> Alston Chan | B78: =IFERROR(__xludf.DUMMYFUNCTION("""COMPUTED_VALUE"""),46067.0) -> 46067 | C78: =IFERROR(__xludf.DUMMYFUNCTION("""COMPUTED_VALUE"""),"3pm - 4pm") -> 3pm - 4pm | D78: =IFERROR(__xludf.DUMMYFUNCTION("""COMPUTED_VALUE"""),"kuilingkhei@gmail.com") -> kuilingkhei@gmail.com | E78: =IFERROR(__xludf.DUMMYFUNCTION("""COMPUTED_VALUE"""),46067.563066574075) -> 46067.563
A79: =IFERROR(__xludf.DUMMYFUNCTION("""COMPUTED_VALUE"""),"LUCAS CHIEW WEI HAN") -> LUCAS CHIEW WEI HAN | B79: =IFERROR(__xludf.DUMMYFUNCTION("""COMPUTED_VALUE"""),46067.0) -> 46067 | C79: =IFERROR(__xludf.DUMMYFUNCTION("""COMPUTED_VALUE"""),"4pm - 5pm") -> 4pm - 5pm | D79: =IFERROR(__xludf.DUMMYFUNCTION("""COMPUTED_VALUE"""),"thomaschiew88@gmail.com") -> thomaschiew88@gmail.com | E79: =IFERROR(__xludf.DUMMYFUNCTION("""COMPUTED_VALUE"""),46063.447050069444) -> 46063.447
A80: =IFERROR(__xludf.DUMMYFUNCTION("""COMPUTED_VALUE"""),"Alston Chan") -> Alston Chan | B80: =IFERROR(__xludf.DUMMYFUNCTION("""COMPUTED_VALUE"""),46067.0) -> 46067 | C80: =IFERROR(__xludf.DUMMYFUNCTION("""COMPUTED_VALUE"""),"4pm - 5pm") -> 4pm - 5pm | D80: =IFERROR(__xludf.DUMMYFUNCTION("""COMPUTED_VALUE"""),"kuilingkhei@gmail.com") -> kuilingkhei@gmail.com | E80: =IFERROR(__xludf.DUMMYFUNCTION("""COMPUTED_VALUE"""),46067.31475398148) -> 46067.315
A81: =IFERROR(__xludf.DUMMYFUNCTION("""COMPUTED_VALUE"""),"Jerry Yong Ching Hwa") -> Jerry Yong Ching Hwa | B81: =IFERROR(__xludf.DUMMYFUNCTION("""COMPUTED_VALUE"""),46067.0) -> 46067 | C81: =IFERROR(__xludf.DUMMYFUNCTION("""COMPUTED_VALUE"""),"9am - 10am") -> 9am - 10am | D81: =IFERROR(__xludf.DUMMYFUNCTION("""COMPUTED_VALUE"""),"sweetjojo1509@yahoo.com") -> sweetjojo1509@yahoo.com | E81: =IFERROR(__xludf.DUMMYFUNCTION("""COMPUTED_VALUE"""),46058.32881314815) -> 46058.329
A82: =IFERROR(__xludf.DUMMYFUNCTION("""COMPUTED_VALUE"""),"Lucas Ting Ker Jun") -> Lucas Ting Ker Jun | B82: =IFERROR(__xludf.DUMMYFUNCTION("""COMPUTED_VALUE"""),46067.0) -> 46067 | C82: =IFERROR(__xludf.DUMMYFUNCTION("""COMPUTED_VALUE"""),"9am - 10am") -> 9am - 10am | D82: =IFERROR(__xludf.DUMMYFUNCTION("""COMPUTED_VALUE"""),"tingweeyii@gmail.com") -> tingweeyii@gmail.com | E82: =IFERROR(__xludf.DUMMYFUNCTION("""COMPUTED_VALUE"""),46062.72011462963) -> 46062.72
A83: =IFERROR(__xludf.DUMMYFUNCTION("""COMPUTED_VALUE"""),"Yang mingyu") -> Yang mingyu | B83: =IFERROR(__xludf.DUMMYFUNCTION("""COMPUTED_VALUE"""),46078.0) -> 46078 | D83: =IFERROR(__xludf.DUMMYFUNCTION("""COMPUTED_VALUE"""),"zhou249834117@gmail.com") -> zhou249834117@gmail.com | E83: =IFERROR(__xludf.DUMMYFUNCTION("""COMPUTED_VALUE"""),46077.879256064814) -> 46077.879
A84: =IFERROR(__xludf.DUMMYFUNCTION("""COMPUTED_VALUE"""),"Cody") -> Cody | B84: =IFERROR(__xludf.DUMMYFUNCTION("""COMPUTED_VALUE"""),46081.0) -> 46081 | C84: =IFERROR(__xludf.DUMMYFUNCTION("""COMPUTED_VALUE"""),"10am - 11am") -> 10am - 11am | D84: =IFERROR(__xludf.DUMMYFUNCTION("""COMPUTED_VALUE"""),"woeihan1999@gmail.com") -> woeihan1999@gmail.com | E84: =IFERROR(__xludf.DUMMYFUNCTION("""COMPUTED_VALUE"""),46081.38643633101) -> 46081.386
A85: =IFERROR(__xludf.DUMMYFUNCTION("""COMPUTED_VALUE"""),"LAU JYI XIAN") -> LAU JYI XIAN | B85: =IFERROR(__xludf.DUMMYFUNCTION("""COMPUTED_VALUE"""),46081.0) -> 46081 | C85: =IFERROR(__xludf.DUMMYFUNCTION("""COMPUTED_VALUE"""),"11am - 12pm") -> 11am - 12pm | D85: =IFERROR(__xludf.DUMMYFUNCTION("""COMPUTED_VALUE"""),"chiouyilau@yahoo.com") -> chiouyilau@yahoo.com | E85: =IFERROR(__xludf.DUMMYFUNCTION("""COMPUTED_VALUE"""),46080.86788760417) -> 46080.868
A86: =IFERROR(__xludf.DUMMYFUNCTION("""COMPUTED_VALUE"""),"LAU YONG") -> LAU YONG | B86: =IFERROR(__xludf.DUMMYFUNCTION("""COMPUTED_VALUE"""),46081.0) -> 46081 | C86: =IFERROR(__xludf.DUMMYFUNCTION("""COMPUTED_VALUE"""),"11am - 12pm") -> 11am - 12pm | D86: =IFERROR(__xludf.DUMMYFUNCTION("""COMPUTED_VALUE"""),"chiouyilau@yahoo.com") -> chiouyilau@yahoo.com | E86: =IFERROR(__xludf.DUMMYFUNCTION("""COMPUTED_VALUE"""),46080.86792855324) -> 46080.868
A87: =IFERROR(__xludf.DUMMYFUNCTION("""COMPUTED_VALUE"""),"Evonne Cheng Xin Ning") -> Evonne Cheng Xin Ning | B87: =IFERROR(__xludf.DUMMYFUNCTION("""COMPUTED_VALUE"""),46081.0) -> 46081 | C87: =IFERROR(__xludf.DUMMYFUNCTION("""COMPUTED_VALUE"""),"2pm - 3pm") -> 2pm - 3pm | D87: =IFERROR(__xludf.DUMMYFUNCTION("""COMPUTED_VALUE"""),"cxz526@gmail.com") -> cxz526@gmail.com | E87: =IFERROR(__xludf.DUMMYFUNCTION("""COMPUTED_VALUE"""),46081.433293379625) -> 46081.433
A88: =IFERROR(__xludf.DUMMYFUNCTION("""COMPUTED_VALUE"""),"Daphne Wong") -> Daphne Wong | B88: =IFERROR(__xludf.DUMMYFUNCTION("""COMPUTED_VALUE"""),46081.0) -> 46081 | C88: =IFERROR(__xludf.DUMMYFUNCTION("""COMPUTED_VALUE"""),"2pm - 3pm") -> 2pm - 3pm | D88: =IFERROR(__xludf.DUMMYFUNCTION("""COMPUTED_VALUE"""),"gohmaiumaiu@hotmail.com") -> gohmaiumaiu@hotmail.com | E88: =IFERROR(__xludf.DUMMYFUNCTION("""COMPUTED_VALUE"""),46081.456472997685) -> 46081.456
A89: =IFERROR(__xludf.DUMMYFUNCTION("""COMPUTED_VALUE"""),"Alfred Lau Ke Yi") -> Alfred Lau Ke Yi | B89: =IFERROR(__xludf.DUMMYFUNCTION("""COMPUTED_VALUE"""),46081.0) -> 46081 | C89: =IFERROR(__xludf.DUMMYFUNCTION("""COMPUTED_VALUE"""),"3pm - 4pm") -> 3pm - 4pm | D89: =IFERROR(__xludf.DUMMYFUNCTION("""COMPUTED_VALUE"""),"hungsiewzing@gmail.com") -> hungsiewzing@gmail.com | E89: =IFERROR(__xludf.DUMMYFUNCTION("""COMPUTED_VALUE"""),46067.34387751158) -> 46067.344
A90: =IFERROR(__xludf.DUMMYFUNCTION("""COMPUTED_VALUE"""),"Casper Lau Ke qing") -> Casper Lau Ke qing | B90: =IFERROR(__xludf.DUMMYFUNCTION("""COMPUTED_VALUE"""),46081.0) -> 46081 | C90: =IFERROR(__xludf.DUMMYFUNCTION("""COMPUTED_VALUE"""),"3pm - 4pm") -> 3pm - 4pm | D90: =IFERROR(__xludf.DUMMYFUNCTION("""COMPUTED_VALUE"""),"hungsiewzing@gmail.com") -> hungsiewzing@gmail.com | E90: =IFERROR(__xludf.DUMMYFUNCTION("""COMPUTED_VALUE"""),46067.34392721065) -> 46067.344
A91: =IFERROR(__xludf.DUMMYFUNCTION("""COMPUTED_VALUE"""),"Aryssa sofea") -> Aryssa sofea | B91: =IFERROR(__xludf.DUMMYFUNCTION("""COMPUTED_VALUE"""),46081.0) -> 46081 | C91: =IFERROR(__xludf.DUMMYFUNCTION("""COMPUTED_VALUE"""),"3pm - 4pm") -> 3pm - 4pm | D91: =IFERROR(__xludf.DUMMYFUNCTION("""COMPUTED_VALUE"""),"ahaz1010@gmail.com") -> ahaz1010@gmail.com | E91: =IFERROR(__xludf.DUMMYFUNCTION("""COMPUTED_VALUE"""),46065.68522388889) -> 46065.685
A92: =IFERROR(__xludf.DUMMYFUNCTION("""COMPUTED_VALUE"""),"Ammar yusof") -> Ammar yusof | B92: =IFERROR(__xludf.DUMMYFUNCTION("""COMPUTED_VALUE"""),46081.0) -> 46081 | C92: =IFERROR(__xludf.DUMMYFUNCTION("""COMPUTED_VALUE"""),"3pm - 4pm") -> 3pm - 4pm | D92: =IFERROR(__xludf.DUMMYFUNCTION("""COMPUTED_VALUE"""),"ahaz1010@gmail.com") -> ahaz1010@gmail.com | E92: =IFERROR(__xludf.DUMMYFUNCTION("""COMPUTED_VALUE"""),46065.685262071755) -> 46065.685
A93: =IFERROR(__xludf.DUMMYFUNCTION("""COMPUTED_VALUE"""),"Auf zayyan") -> Auf zayyan | B93: =IFERROR(__xludf.DUMMYFUNCTION("""COMPUTED_VALUE"""),46081.0) -> 46081 | C93: =IFERROR(__xludf.DUMMYFUNCTION("""COMPUTED_VALUE"""),"3pm - 4pm") -> 3pm - 4pm | D93: =IFERROR(__xludf.DUMMYFUNCTION("""COMPUTED_VALUE"""),"ahaz1010@gmail.com") -> ahaz1010@gmail.com | E93: =IFERROR(__xludf.DUMMYFUNCTION("""COMPUTED_VALUE"""),46065.685300717596) -> 46065.685
A94: =IFERROR(__xludf.DUMMYFUNCTION("""COMPUTED_VALUE"""),"Alston Chan Yu Han") -> Alston Chan Yu Han | B94: =IFERROR(__xludf.DUMMYFUNCTION("""COMPUTED_VALUE"""),46081.0) -> 46081 | C94: =IFERROR(__xludf.DUMMYFUNCTION("""COMPUTED_VALUE"""),"3pm - 4pm") -> 3pm - 4pm | D94: =IFERROR(__xludf.DUMMYFUNCTION("""COMPUTED_VALUE"""),"kuilingkhei@gmail.com") -> kuilingkhei@gmail.com | E94: =IFERROR(__xludf.DUMMYFUNCTION("""COMPUTED_VALUE"""),46081.33580943287) -> 46081.336
A95: =IFERROR(__xludf.DUMMYFUNCTION("""COMPUTED_VALUE"""),"LUCAS CHIEW WEI HAN") -> LUCAS CHIEW WEI HAN | B95: =IFERROR(__xludf.DUMMYFUNCTION("""COMPUTED_VALUE"""),46081.0) -> 46081 | C95: =IFERROR(__xludf.DUMMYFUNCTION("""COMPUTED_VALUE"""),"4pm - 5pm") -> 4pm - 5pm | D95: =IFERROR(__xludf.DUMMYFUNCTION("""COMPUTED_VALUE"""),"thomaschiew88@gmail.com") -> thomaschiew88@gmail.com | E95: =IFERROR(__xludf.DUMMYFUNCTION("""COMPUTED_VALUE"""),46078.50959554398) -> 46078.51
A96: =IFERROR(__xludf.DUMMYFUNCTION("""COMPUTED_VALUE"""),"Clement Ting Yong Rui") -> Clement Ting Yong Rui | B96: =IFERROR(__xludf.DUMMYFUNCTION("""COMPUTED_VALUE"""),46083.0) -> 46083 | D96: =IFERROR(__xludf.DUMMYFUNCTION("""COMPUTED_VALUE"""),"sionghui@gmail.com") -> sionghui@gmail.com | E96: =IFERROR(__xludf.DUMMYFUNCTION("""COMPUTED_VALUE"""),46081.38733168981) -> 46081.387
A97: =IFERROR(__xludf.DUMMYFUNCTION("""COMPUTED_VALUE"""),"Clarence Ting Yong Wei") -> Clarence Ting Yong Wei | B97: =IFERROR(__xludf.DUMMYFUNCTION("""COMPUTED_VALUE"""),46083.0) -> 46083 | D97: =IFERROR(__xludf.DUMMYFUNCTION("""COMPUTED_VALUE"""),"sionghui@gmail.com") -> sionghui@gmail.com | E97: =IFERROR(__xludf.DUMMYFUNCTION("""COMPUTED_VALUE"""),46081.387367407406) -> 46081.387
A98: =IFERROR(__xludf.DUMMYFUNCTION("""COMPUTED_VALUE"""),"Ethan Tan") -> Ethan Tan | B98: =IFERROR(__xludf.DUMMYFUNCTION("""COMPUTED_VALUE"""),46083.0) -> 46083 | D98: =IFERROR(__xludf.DUMMYFUNCTION("""COMPUTED_VALUE"""),"grace_eyo@hotmail.com") -> grace_eyo@hotmail.com | E98: =IFERROR(__xludf.DUMMYFUNCTION("""COMPUTED_VALUE"""),46082.46219976852) -> 46082.462
A99: =IFERROR(__xludf.DUMMYFUNCTION("""COMPUTED_VALUE"""),"Eileen Wong Hui Qing") -> Eileen Wong Hui Qing | B99: =IFERROR(__xludf.DUMMYFUNCTION("""COMPUTED_VALUE"""),46085.0) -> 46085 | D99: =IFERROR(__xludf.DUMMYFUNCTION("""COMPUTED_VALUE"""),"paksien79@yahoo.com") -> paksien79@yahoo.com | E99: =IFERROR(__xludf.DUMMYFUNCTION("""COMPUTED_VALUE"""),46083.65287479167) -> 46083.653
A100: =IFERROR(__xludf.DUMMYFUNCTION("""COMPUTED_VALUE"""),"Feliz Loh") -> Feliz Loh | B100: =IFERROR(__xludf.DUMMYFUNCTION("""COMPUTED_VALUE"""),46088.0) -> 46088 | C100: =IFERROR(__xludf.DUMMYFUNCTION("""COMPUTED_VALUE"""),"10am - 11am") -> 10am - 11am | D100: =IFERROR(__xludf.DUMMYFUNCTION("""COMPUTED_VALUE"""),"annehappy83@gmail.com") -> annehappy83@gmail.com | E100: =IFERROR(__xludf.DUMMYFUNCTION("""COMPUTED_VALUE"""),46088.33637256944) -> 46088.336
A101: =IFERROR(__xludf.DUMMYFUNCTION("""COMPUTED_VALUE"""),"Alfred Lau Ke yi") -> Alfred Lau Ke yi | B101: =IFERROR(__xludf.DUMMYFUNCTION("""COMPUTED_VALUE"""),46088.0) -> 46088 | C101: =IFERROR(__xludf.DUMMYFUNCTION("""COMPUTED_VALUE"""),"3pm - 4pm") -> 3pm - 4pm | D101: =IFERROR(__xludf.DUMMYFUNCTION("""COMPUTED_VALUE"""),"hungsiewzing@gmail.com") -> hungsiewzing@gmail.com | E101: =IFERROR(__xludf.DUMMYFUNCTION("""COMPUTED_VALUE"""),46088.38492064815) -> 46088.385
A102: =IFERROR(__xludf.DUMMYFUNCTION("""COMPUTED_VALUE"""),"Casper Lau Ke qing") -> Casper Lau Ke qing | B102: =IFERROR(__xludf.DUMMYFUNCTION("""COMPUTED_VALUE"""),46088.0) -> 46088 | C102: =IFERROR(__xludf.DUMMYFUNCTION("""COMPUTED_VALUE"""),"3pm - 4pm") -> 3pm - 4pm | D102: =IFERROR(__xludf.DUMMYFUNCTION("""COMPUTED_VALUE"""),"hungsiewzing@gmail.com") -> hungsiewzing@gmail.com | E102: =IFERROR(__xludf.DUMMYFUNCTION("""COMPUTED_VALUE"""),46088.3849805787) -> 46088.385
...

Sheet Project Showcase
A1: Num | B1: Students | C1: Whatsapp Group Name | D1: Column 2 | E1: Sessions | F1: Column 3 | G1: Current Course | H1: Project Showcase Course | I1: Mentor | J1: Invitation Sent? | K1: Sent Date | L1: Will Attend | M1: Reason | N1: Cert | O1: Rehearsal Sent? | P1: Sent Date | Q1: Can attend rehearsal? | R1: Reasons | S1: Column 19 | T1: *Press [Ctrl + ;] to add the date directly Windows OS => [Ctrl + ;] MacOS => [Cmd + ;]
A2: 1 | B2: Eugene Lau Lik Yang | C2: Joelle/Eugene - Chumbaka | D2: Active | E2: 2 Wed 7.30-8.30pm | F2: Veritas | G2: Coding and Algorithm | H2: Coding & Algorithm Showcase | I2: Chuan | J2: TRUE | K2: 45972 | L2: TRUE | N2: TRUE | O2: TRUE | P2: 45980 | Q2: TRUE | S2: 1
A3: 2 | B3: Clement Ling Ke Ming | C3: Clement Ling - Chumbaka | D3: Active | E3: 1 Mon 7.30-8.30pm | F3: Veritas | G3: Database and API with App Inventor | H3: Database and API with App Inventor Showcase | I3: Chuan | J3: TRUE | K3: 45972 | L3: TRUE | N3: TRUE | O3: TRUE | P3: 45980 | Q3: TRUE | S3: 1
A4: 3 | B4: Joelle Lau Lik Ying | C4: Joelle/Eugene - Chumbaka | D4: Active | E4: 2 Wed 7.30-8.30pm | F4: Veritas | G4: Embedded System | H4: Embedded System Showcase | I4: Chuan | J4: TRUE | K4: 45986 | L4: TRUE | N4: FALSE | O4: TRUE | P4: 45989 | Q4: TRUE
A5: 4 | B5: Nicholas Yong Yi Hua | C5: Gab/Luke/Nic - Chumbaka | E5: 5 Sat 11.00-12.00pm | H5: AI with Python Showcase | I5: Chuan | J5: TRUE | K5: 45988 | L5: TRUE | N5: TRUE | O5: TRUE | P5: 45989 | Q5: TRUE
A6: 5 | B6: Joshua Ting Xuan Eng | C6: Joshua Ting - CHUMBAKA | D6: Active | E6: 1 Mon 7.30-8.30pm | F6: Veritas | G6: Game Development | H6: Game Development Showcase | I6: David | J6: TRUE | K6: 45973 | L6: TRUE | N6: TRUE | O6: TRUE | P6: 45982 | Q6: FALSE | R6: Travelling
A7: 6 | B7: Evan Sim Teck Yang | C7: Evan Sim - Chumbaka | D7: Active | E7: 6 Sat 2.00-3.00pm | F7: Veritas | G7: Mobile Apps Development | H7: Mobile Apps Development Showcase | I7: David | J7: TRUE | K7: 45978 | L7: TRUE | N7: TRUE | O7: TRUE | P7: 45982 | Q7: FALSE | R7: Travelling
A8: 7 | B8: Marcus Lau Yee Ho | C8: Lucas/Marcus - Chumbaka | D8: Active | E8: 1 Mon 7.30-8.30pm | F8: Veritas | G8: Physical Computing | H8: Physical Computing Showcase | I8: David | J8: TRUE | K8: 45972 | L8: TRUE | N8: TRUE | O8: TRUE | P8: 45982 | Q8: TRUE | S8: 1
B9: Abraham Ting Lik Yue | D9: Active | E9: 4 Sat 10.00-11.00am | F9: Veritas | H9: Mobile Apps Development Showcase | I9: Enouch | J9: TRUE | K9: 45972 | L9: FALSE | M9: Traveling | N9: FALSE | O9: FALSE | Q9: FALSE
A10: 8 | B10: Ngu Hieng Sing | C10: Hieng Sing - Chumbaka | D10: Active | E10: 2 Wed 7.30-8.30pm | F10: Veritas | G10: 3D Design for AR and VR | H10: Coding and Algorithms Showcase | I10: Enouch | J10: TRUE | K10: 45974 | L10: TRUE | N10: TRUE | O10: TRUE | P10: 45980 | Q10: TRUE
A11: 9 | B11: Nigel Lim Zhong Xi | C11: Asher/Nigel -CHUMBAKA | D11: Active | E11: 4 Sat 10.00-11.00am | F11: Veritas | G11: AI with Python | H11: AI with Python Showcase | I11: Enouch | J11: TRUE | K11: 45972 | L11: TRUE | N11: TRUE | O11: TRUE | P11: 45980 | Q11: TRUE
A12: 10 | B12: Oscar Khiew Jian Lyn | C12: Oscar Khiew(TH) - Chumbaka | D12: Active | E12: TH 12:45-1:45pm | F12: SJK (C) Tung Hua | G12: Coding and Algorithm | H12: Creative Computing Showcase | I12: Enouch | J12: TRUE | K12: 45972 | L12: TRUE | N12: TRUE | O12: TRUE | P12: 45982 | Q12: TRUE
A13: 11 | B13: Nathanael Lee Yi Yang | C13: Nathanael (CH) - Chumbaka | D13: Active | E13: CH 12:00-1:00pm | F13: SJK(C) Chung Hua | G13: Game Development | H13: Coding & Algorithm Showcase | I13: Enouch | J13: TRUE | K13: 45972 | L13: TRUE | N13: TRUE | O13: TRUE | P13: 45980 | Q13: TRUE
A14: 12 | B14: Chong Xue Wen | C14: Chong Xue Wen(TH) - Chumbaka | D14: Active | E14: TH 12:45-1:45pm | F14: SJK (C) Tung Hua | G14: Game Development | H14: Coding & Algorithm Showcase | I14: Enouch | J14: TRUE | K14: 45972 | L14: TRUE | N14: TRUE | O14: TRUE | P14: 45982 | Q14: TRUE
A15: 13 | B15: Eileen Wong Hui Qing | C15: Eileen/Eunice (TH) - Chumbaka | D15: Active | E15: TH 12:45-1:45pm | F15: SJK (C) Tung Hua | G15: Game Development | H15: Coding & Algorithm Showcase | I15: Enouch | J15: TRUE | K15: 45972 | L15: TRUE | N15: TRUE | O15: TRUE | P15: 45982 | Q15: TRUE
A16: 14 | B16: Elina Kong Zhe En | C16: Elina Kong(TH) - Chumbaka | D16: Active | E16: TH 12:45-1:45pm | F16: SJK (C) Tung Hua | G16: Game Development | H16: Coding & Algorithm Showcase | I16: Enouch | J16: TRUE | K16: 45972 | L16: TRUE | N16: TRUE | O16: TRUE | P16: 45982 | Q16: TRUE
A17: 15 | B17: Darence Kiung Eezer | C17: Darence - Chumbaka | D17: Active | E17: 4 Sat 10.00-11.00am | F17: Veritas | G17: IOT Control with ESP32 | H17: Mobile Apps Development Showcase | I17: Enouch | J17: TRUE | K17: 45972 | L17: TRUE | N17: TRUE | O17: TRUE | P17: 45980 | Q17: TRUE
A18: 16 | B18: Clovis Low Zhao Ming | C18: Clovis Low - CHUMBAKA | D18: Active | E18: 5 Sat 11.00-12.00pm | F18: Veritas | G18: Mobile Apps Development | H18: Mobile Apps Development Showcase | I18: Enouch | J18: TRUE | K18: 45972 | L18: TRUE | N18: TRUE | O18: TRUE | P18: 45980 | Q18: TRUE
A19: 17 | B19: Clarence Ting Yong Wei | C19: Clement/Clarence - Chumbaka | D19: Active | E19: 3 Sat 9.00-10.00am | F19: Veritas | G19: Physical Computing | H19: Physical Computing Showcase | I19: Enouch | J19: TRUE | K19: 45972 | L19: TRUE | N19: TRUE | O19: TRUE | P19: 45982 | Q19: TRUE
A20: 18 | B20: Jayden Ling Xian Yang | C20: Jayden Ling - Chumbaka | D20: Active | E20: 3 Sat 9.00-10.00am | F20: Veritas | G20: Physical Computing | H20: Physical Computing Showcase | I20: Enouch | J20: TRUE | K20: 45972 | L20: TRUE | N20: TRUE | O20: TRUE | P20: 45982 | Q20: TRUE
A21: 19 | B21: Ting Zhi Xin | C21: Zhi En/Zhi Xin - Chumbaka | D21: Active | E21: 1 Mon 7.30-8.30pm | F21: Veritas | G21: 3D Design for AR and VR | H21: Game Development Showcase | I21: Evelyn | J21: TRUE | K21: 45972 | L21: TRUE | N21: TRUE | O21: TRUE | P21: 45980 | Q21: TRUE | S21: 1
A22: 20 | B22: Anderson Sui Shuen Hon | C22: Anderson - CHUMBAKA | D22: Active | E22: 1 Mon 7.30-8.30pm | F22: Veritas | G22: Coding and Algorithm | H22: Coding & Algorithm Showcase | I22: Evelyn | J22: TRUE | K22: 45972 | L22: TRUE | N22: TRUE | O22: TRUE | P22: 45980 | Q22: TRUE | S22: 1
A23: 21 | B23: Eunice Tiong Jia Yi | C23: Gavin/Eunice - Chumbaka | D23: Active | E23: 1 Mon 7.30-8.30pm | F23: Veritas | G23: Coding and Algorithm | H23: Creative Computing Showcase | I23: Evelyn | J23: TRUE | K23: 45972 | L23: TRUE | N23: TRUE | O23: TRUE | P23: 45980 | Q23: TRUE | S23: 1
A24: 22 | B24: Veeyyai Anak Engan | C24: Veeyyai/Vionetta - Chumbaka | D24: Active | E24: 7 Sat 3.00-4.00pm | F24: Veritas | G24: Coding and Algorithm | H24: Coding & Algorithm Showcase | I24: Evelyn | J24: TRUE | K24: 45972 | L24: TRUE | N24: TRUE | O24: TRUE | P24: 45980 | Q24: TRUE
A25: 23 | B25: Dalinda Anak Felix Soul | C25: Dalinda - CHUMBAKA | D25: Active | E25: 7 Sat 3.00-4.00pm | F25: Veritas | G25: Creative Computing | H25: Digital Animation Showcase | I25: Evelyn | J25: TRUE | K25: 45972 | L25: TRUE | N25: TRUE | O25: TRUE | P25: 45980 | Q25: TRUE
A26: 24 | B26: Gia Lim Jia En | C26: Gia - Chumbaka | D26: Active | E26: 7 Sat 3.00-4.00pm | F26: Veritas | G26: Creative Computing | H26: Digital Animation Showcase | I26: Evelyn | J26: TRUE | K26: 45972 | L26: TRUE | N26: TRUE | O26: TRUE | P26: 45980 | Q26: TRUE
A27: 25 | B27: Harper Kong Xuen | C27: Herman/Harper - CHUMBAKA | D27: Active | E27: 7 Sat 3.00-4.00pm | F27: Veritas | G27: Creative Computing | H27: Creative Computing Showcase | I27: Evelyn | J27: TRUE | K27: 45972 | L27: TRUE | N27: TRUE | O27: TRUE | P27: 45980 | Q27: TRUE
A28: 26 | B28: Ivanna Ling Yirou | C28: Ivanna - Chumbaka | D28: Active | E28: 8 Sat 4.00-5.00pm | F28: Veritas | G28: Digital Animation | H28: Digital Animation Showcase | I28: Evelyn | J28: TRUE | K28: 45972 | L28: TRUE | N28: TRUE | O28: TRUE | P28: 45980 | Q28: TRUE | S28: 1
A29: 27 | B29: Feliz Loh Li Fei | C29: Feliz Loh - CHUMBAKA | D29: Active | E29: 6 Sat 2.00-3.00pm | F29: Veritas | G29: Physical Computing | H29: Physical Computing Showcase | I29: Evelyn | J29: TRUE | K29: 45972 | L29: TRUE | N29: TRUE | O29: TRUE | P29: 45980 | Q29: TRUE
B30: Benson Tiong Guang Rui | D30: Active | E30: 8 Sat 4.00-5.00pm | F30: Veritas | G30: Physical Computing | H30: Physical Computing Showcase | I30: Evelyn | J30: TRUE | K30: 45972 | L30: FALSE | M30: Traveling/Attend next year June Showcase | N30: FALSE | O30: TRUE | P30: 45980 | Q30: TRUE
A31: 28 | B31: Abraham Anak Francis Engkala | C31: Abraham - Chumbaka | D31: Active | E31: 4 Sat 10.00-11.00am | F31: Veritas | G31: Coding and Algorithm | H31: Coding & Algorithm Showcase | I31: Kerry | J31: TRUE | K31: 45972 | L31: TRUE | N31: TRUE | O31: TRUE | P31: 45980 | Q31: TRUE
A32: 29 | B32: Nea Hairani Binti Hairul Hairi | C32: Nea Hairani - Chumbaka | D32: Active | E32: 5 Sat 11.00-12.00pm | F32: Veritas | G32: Digital Animation | H32: Digital Animation Showcase | I32: Kerry | J32: TRUE | K32: 45972 | L32: TRUE | N32: TRUE | O32: TRUE | P32: 45980 | Q32: TRUE
A33: 30 | B33: Jvan Tan Jun Yik | C33: Jvan/Ivan - CHUMBAKA | D33: Active | E33: 1 Mon 7.30-8.30pm | F33: Veritas | G33: Game Development | H33: Coding and Algorithms Showcase | I33: Kerry | J33: TRUE | K33: 45972 | L33: TRUE | N33: TRUE | O33: TRUE | P33: 45980 | Q33: TRUE | S33: 1
A34: 31 | B34: Clement Ting Yong Rui | C34: Clement/Clarence - Chumbaka | D34: Active | E34: 3 Sat 9.00-10.00am | F34: Veritas | G34: Game Development | H34: Game Development Showcase | I34: Kerry | J34: TRUE | K34: 45972 | L34: TRUE | N34: TRUE | O34: TRUE | P34: 45980 | Q34: TRUE
A35: 32 | B35: Ethan Lau Hui Hong | C35: Ethan Lau - CHUMBAKA | D35: Active | E35: 3 Sat 9.00-10.00am | F35: Veritas | G35: Game Development | H35: Game Development Showcase | I35: Kerry | J35: TRUE | K35: 45972 | L35: TRUE | N35: TRUE | O35: TRUE | P35: 45980 | Q35: TRUE
A36: 33 | B36: Vladimir Nanang Casimir | C36: Vladimir - CHUMBAKA | D36: Active | E36: 5 Sat 11.00-12.00pm | F36: Veritas | G36: Game Development | H36: Game Development Showcase | I36: Kerry | J36: TRUE | K36: 45972 | L36: TRUE | N36: TRUE | O36: TRUE | P36: 45980 | Q36: TRUE
A37: 34 | B37: Asher Lim Zhong Jie | C37: Asher/Nigel -CHUMBAKA | D37: Active | E37: 4 Sat 10.00-11.00am | F37: Veritas | G37: Mobile Apps Development | H37: Mobile Apps Development Showcase | I37: Kerry | J37: TRUE | K37: 45976 | L37: TRUE | N37: FALSE | O37: TRUE | P37: 45980 | Q37: TRUE
A38: 35 | B38: Benedict Darren Donny | C38: Benedict/Samuel (SHS) - Chumbaka | D38: Active | E38: SHS 2:00-3:00pm | F38: SMK Sacred Heart | G38: Mobile Apps Development | H38: Mobile Apps Development Showcase | I38: Kerry | J38: TRUE | K38: 45972 | L38: TRUE | N38: TRUE | O38: TRUE | P38: 45980 | Q38: TRUE
A39: 36 | B39: Isaac Cham Zi Xuan | C39: Isaac (SHS) - Chumbaka | D39: Active | E39: SHS 2:00-3:00pm | F39: SMK Sacred Heart | G39: Mobile Apps Development | H39: Mobile Apps Development Showcase | I39: Kerry | J39: TRUE | K39: 45972 | L39: TRUE | N39: TRUE | O39: TRUE | P39: 45980 | Q39: TRUE
B40: Wallance Wong Chung Yiu | D40: Active | E40: 6 Sat 2.00-3.00pm | F40: Veritas | H40: Game Development Showcase | I40: Lam | J40: TRUE | K40: 45972 | L40: FALSE | M40: Travelling | N40: FALSE | O40: FALSE | Q40: FALSE
B41: Jason Sia Jun Hui | D41: Active | E41: CS 1:20-3:30pm | F41: SJK(C) Chung Sing | G41: Mobile Coding | H41: Mobile Coding Showcase | I41: Kerry | J41: TRUE | K41: 45972 | L41: FALSE | M41: School Event | N41: FALSE | O41: TRUE | P41: 45980 | Q41: TRUE
A42: 37 | B42: Jayden Huan Kah Hang | C42: Jayden Huan (CS) - Chumbaka | D42: Active | E42: CS 1:20-3:30pm | F42: SJK(C) Chung Sing | G42: Mobile Coding | H42: Mobile Coding Showcase | I42: Kerry | J42: TRUE | K42: 45972 | L42: TRUE | N42: TRUE | O42: TRUE | P42: 45980 | Q42: TRUE
A43: 38 | B43: Samson Moh Nian Hui | C43: Samson Moh (CS) - Chumbaka | D43: Active | E43: CS 1:20-3:30pm | F43: SJK(C) Chung Sing | G43: Mobile Coding | H43: Mobile Coding Showcase | I43: Kerry | J43: TRUE | K43: 45972 | L43: TRUE | N43: TRUE | O43: TRUE | P43: 45980 | Q43: TRUE
A44: 39 | B44: Amaan Nur Hayyan | C44: Amaan - Chumbaka | D44: Active | E44: 5 Sat 11.00-12.00pm | F44: Veritas | G44: Physical Computing | H44: Creative Computing Showcase | I44: Kerry | J44: TRUE | K44: 45972 | L44: TRUE | N44: TRUE | O44: TRUE | P44: 45980 | Q44: TRUE
A45: 40 | B45: Melvin Tiong Meng Han | C45: Melvin - Chumbaka | D45: Active | E45: 5 Sat 11.00-12.00pm | F45: Veritas | G45: 3D Design for AR and VR | H45: 3D Design for AR and VR Showcase | I45: Lam | J45: TRUE | K45: 45972 | L45: TRUE | N45: TRUE | O45: TRUE | P45: 45980 | Q45: TRUE
A46: 41 | B46: Kingsley Kiing Kiu Yik | C46: Kingsley - Chumbaka | D46: Active | E46: 1 Mon 7.30-8.30pm | F46: Veritas | G46: Embedded System | H46: Embedded System Showcase | I46: Lam | J46: TRUE | K46: 45972 | L46: TRUE | N46: TRUE | O46: TRUE | P46: 45980 | Q46: TRUE | S46: 1
A47: 42 | B47: Clayton Chieng Zhu Rui | C47: Clayton (SHS) - Chumbaka | D47: Active | E47: SHS 2:00-3:00pm | F47: SMK Sacred Heart | G47: Game Development | H47: Game Development Showcase | I47: Lam | J47: TRUE | K47: 45972 | L47: TRUE | N47: TRUE | O47: TRUE | P47: 45980 | Q47: TRUE
A48: 43 | B48: Jonas Wong Qin En | D48: Active | E48: TH 12:45-1:45pm | F48: SJK (C) Tung Hua | G48: Game Development | H48: Game Development Showcase | I48: Lam | J48: TRUE | K48: 45972 | L48: TRUE | M48: School Event | N48: TRUE | O48: TRUE | P48: 45980 | Q48: TRUE
A49: 44 | B49: Joyce Wong Qin Ai | C49: Joyce/Jonas (TH) - CHUMBAKA | D49: Active | E49: TH 12:45-1:45pm | F49: SJK (C) Tung Hua | G49: Game Development | H49: Game Development Showcase | I49: Lam | J49: TRUE | K49: 45972 | L49: TRUE | N49: TRUE | O49: TRUE | P49: 45980 | Q49: TRUE
A50: 45 | B50: Amber Wong Yun Qi | C50: Amber - Chumbaka | D50: Active | E50: 4 Sat 10.00-11.00am | F50: Veritas | G50: Coding and Algorithm | H50: Coding & Algorithm Showcase | I50: Mandy | J50: TRUE | K50: 45972 | L50: TRUE | N50: TRUE | O50: TRUE | P50: 45980 | Q50: TRUE
A51: 46 | B51: Andrew Chai Kai Jun | C51: Andrew Chai - Chumbaka | D51: Active | E51: 7 Sat 3.00-4.00pm | F51: Veritas | H51: Physical Computing Showcase | I51: Reagan | J51: TRUE | K51: 45972 | L51: TRUE | N51: TRUE | O51: TRUE | P51: 45980 | Q51: TRUE
A52: 47 | B52: Jeremy Kong Yu Yong | C52: Jeremy - Chumbaka | D52: Active | E52: 4 Sat 10.00-11.00am | F52: Veritas | G52: Coding and Algorithm | H52: Coding & Algorithm Showcase | I52: Mandy | J52: TRUE | K52: 45972 | L52: TRUE | N52: TRUE | O52: TRUE | P52: 45980 | Q52: TRUE
A53: 48 | B53: Emily Wong Mon Rong | C53: Mercury/Emily - CHUMBAKA | D53: Active | E53: 5 Sat 11.00-12.00pm | F53: Veritas | G53: Coding and Algorithm | H53: Coding & Algorithm Showcase | I53: Mandy | J53: TRUE | K53: 45972 | L53: TRUE | N53: TRUE | O53: TRUE | P53: 45980 | Q53: TRUE
A54: 49 | B54: Julius Chiew Zhen Hao | C54: Julius - Chumbaka | D54: Active | E54: 5 Sat 11.00-12.00pm | F54: Veritas | G54: Coding and Algorithm | H54: Coding & Algorithm Showcase | I54: Mandy | J54: TRUE | K54: 45972 | L54: TRUE | N54: TRUE | O54: TRUE | P54: 45980 | Q54: TRUE
A55: 50 | B55: Amarion Hii Lu Ong | C55: Amarion - Chumbaka | D55: Active | E55: 2 Wed 7.30-8.30pm | F55: Veritas | G55: Creative Computing | H55: Creative Computing Showcase | I55: Mandy | J55: TRUE | K55: 45972 | L55: TRUE | N55: TRUE | O55: TRUE | P55: 45980 | Q55: TRUE
A56: 51 | B56: Howard Ling Hong Ern | C56: Howard - Chumbaka | D56: Active | E56: 5 Sat 11.00-12.00pm | F56: Veritas | G56: Creative Computing | H56: Digital Animation Showcase | I56: Mandy | J56: TRUE | K56: 45972 | L56: TRUE | N56: TRUE | O56: TRUE | P56: 45980 | Q56: TRUE
A57: 52 | B57: Wong Jing Shang | C57: Jing Xiu/Jing Yu/Jing Shang - Chumbaka | D57: Active | E57: 6 Sat 2.00-3.00pm | F57: Veritas | G57: Coding and Algorithm | H57: Coding & Algorithm Showcase | I57: Reagan | J57: TRUE | K57: 45972 | L57: TRUE | N57: TRUE | O57: TRUE | P57: 45980 | Q57: TRUE
A58: 53 | B58: Charlene Ting Yan Jin | C58: Charlene (TH) - Chumbaka | D58: Active | E58: TH 12:45-1:45pm | F58: SJK (C) Tung Hua | G58: Creative Computing | H58: Digital Animation Showcase | I58: Reagan | J58: TRUE | K58: 45972 | L58: TRUE | N58: TRUE | O58: TRUE | P58: 45980 | Q58: TRUE | S58: 1
A59: 54 | B59: Lucas Chiew Wei Han | C59: Lucas Chiew (TH) - Chumbaka | D59: Active | E59: TH 12:45-1:45pm | F59: SJK (C) Tung Hua | G59: Creative Computing | H59: Digital Animation Showcase | I59: Reagan | J59: TRUE | K59: 45972 | L59: TRUE | N59: TRUE | O59: TRUE | P59: 45980 | Q59: TRUE
A60: 55 | B60: Vionetta Injang Anak Engan | C60: Veeyyai/Vionetta - Chumbaka | D60: Active | E60: 6 Sat 2.00-3.00pm | F60: Veritas | G60: Creative Computing | H60: Digital Animation Showcase | I60: Tony | J60: TRUE | K60: 45972 | L60: TRUE | N60: TRUE | O60: TRUE | P60: 45980 | Q60: TRUE
A61: 56 | B61: Oliver Sia Chen Jun | C61: Oliver/Oscar - CHUMBAKA | D61: Active | E61: 6 Sat 2.00-3.00pm | F61: Veritas | G61: Physical Computing | H61: Physical Computing Showcase | I61: Tony | J61: TRUE | K61: 45972 | L61: TRUE | N61: TRUE | O61: TRUE | P61: 45980 | Q61: TRUE
A62: 57 | B62: Wong Shi Yaw | C62: Shi Yaw - Chumbaka | D62: Active | E62: 8 Sat 4.00-5.00pm | F62: Veritas | G62: Physical Computing | H62: Coding & Algorithm Showcase | I62: Tony | J62: TRUE | K62: 45972 | L62: TRUE | N62: TRUE | O62: TRUE | P62: 45980 | Q62: TRUE
A63: 58 | B63: Ezra Ling Sing Yi | C63: Ezra Ling - CHUMBAKA | E63: 3 Sat 9.00-10.00am | H63: Game Development Showcase | I63: Kerry | J63: TRUE | K63: 46004 | L63: TRUE | N63: TRUE | O63: FALSE | Q63: FALSE | S63: 1

Sheet Attendance Summary
F2: =IFERROR(__xludf.DUMMYFUNCTION("IFERROR( FILTER(#REF!, TRIM('CBK Students'!B:B) = TRIM(A2)), """" )"),"") | G2: Replacement
F4: =IFERROR(__xludf.DUMMYFUNCTION("IFERROR( FILTER(#REF!, TRIM('CBK Students'!B:B) = TRIM(A4)), """" )"),"") | G4: =F4+C4-D4 -> -5
F5: =IFERROR(__xludf.DUMMYFUNCTION("IFERROR( FILTER(#REF!, TRIM('CBK Students'!B:B) = TRIM(A5)), """" )"),"") | G5: =F5+C5-D5 -> 5
F6: =IFERROR(__xludf.DUMMYFUNCTION("IFERROR( FILTER(#REF!, TRIM('CBK Students'!B:B) = TRIM(A6)), """" )"),"") | G6: =F6+C6-D6 -> 1
F7: =IFERROR(__xludf.DUMMYFUNCTION("IFERROR( FILTER(#REF!, TRIM('CBK Students'!B:B) = TRIM(A7)), """" )"),"") | G7: =F7+C7-D7 -> 2
F8: =IFERROR(__xludf.DUMMYFUNCTION("IFERROR( FILTER(#REF!, TRIM('CBK Students'!B:B) = TRIM(A8)), """" )"),"") | G8: =F8+C8-D8 -> 8
F9: =IFERROR(__xludf.DUMMYFUNCTION("IFERROR( FILTER(#REF!, TRIM('CBK Students'!B:B) = TRIM(A9)), """" )"),"") | G9: =F9+C9-D9 -> 3
F10: =IFERROR(__xludf.DUMMYFUNCTION("IFERROR( FILTER(#REF!, TRIM('CBK Students'!B:B) = TRIM(A10)), """" )"),"") | G10: =F10+C10-D10 -> 0
F11: =IFERROR(__xludf.DUMMYFUNCTION("IFERROR( FILTER(#REF!, TRIM('CBK Students'!B:B) = TRIM(A11)), """" )"),"") | G11: =F11+C11-D11 -> -1
F12: =IFERROR(__xludf.DUMMYFUNCTION("IFERROR( FILTER(#REF!, TRIM('CBK Students'!B:B) = TRIM(A12)), """" )"),"") | G12: =F12+C12-D12 -> 0
F13: =IFERROR(__xludf.DUMMYFUNCTION("IFERROR( FILTER(#REF!, TRIM('CBK Students'!B:B) = TRIM(A13)), """" )"),"") | G13: =F13+C13-D13 -> 2
F14: =IFERROR(__xludf.DUMMYFUNCTION("IFERROR( FILTER(#REF!, TRIM('CBK Students'!B:B) = TRIM(A14)), """" )"),"") | G14: =F14+C14-D14 -> 1
F15: =IFERROR(__xludf.DUMMYFUNCTION("IFERROR( FILTER(#REF!, TRIM('CBK Students'!B:B) = TRIM(A15)), """" )"),"") | G15: =F15+C15-D15 -> 1
F16: =IFERROR(__xludf.DUMMYFUNCTION("IFERROR( FILTER(#REF!, TRIM('CBK Students'!B:B) = TRIM(A16)), """" )"),"") | G16: =F16+C16-D16 -> 3
F17: =IFERROR(__xludf.DUMMYFUNCTION("IFERROR( FILTER(#REF!, TRIM('CBK Students'!B:B) = TRIM(A17)), """" )"),"") | G17: =F17+C17-D17 -> 1
F18: =IFERROR(__xludf.DUMMYFUNCTION("IFERROR( FILTER(#REF!, TRIM('CBK Students'!B:B) = TRIM(A18)), """" )"),"") | G18: =F18+C18-D18 -> 2
F19: =IFERROR(__xludf.DUMMYFUNCTION("IFERROR( FILTER(#REF!, TRIM('CBK Students'!B:B) = TRIM(A19)), """" )"),"") | G19: =F19+C19-D19 -> 3
F20: =IFERROR(__xludf.DUMMYFUNCTION("IFERROR( FILTER(#REF!, TRIM('CBK Students'!B:B) = TRIM(A20)), """" )"),"") | G20: =F20+C20-D20 -> 3
F21: =IFERROR(__xludf.DUMMYFUNCTION("IFERROR( FILTER(#REF!, TRIM('CBK Students'!B:B) = TRIM(A21)), """" )"),"") | G21: =F21+C21-D21 -> 2
F22: =IFERROR(__xludf.DUMMYFUNCTION("IFERROR( FILTER(#REF!, TRIM('CBK Students'!B:B) = TRIM(A22)), """" )"),"") | G22: =F22+C22-D22 -> 1
F23: =IFERROR(__xludf.DUMMYFUNCTION("IFERROR( FILTER(#REF!, TRIM('CBK Students'!B:B) = TRIM(A23)), """" )"),"") | G23: =F23+C23-D23 -> 2
F24: =IFERROR(__xludf.DUMMYFUNCTION("IFERROR( FILTER(#REF!, TRIM('CBK Students'!B:B) = TRIM(A24)), """" )"),"") | G24: =F24+C24-D24 -> 1
F25: =IFERROR(__xludf.DUMMYFUNCTION("IFERROR( FILTER(#REF!, TRIM('CBK Students'!B:B) = TRIM(A25)), """" )"),"") | G25: =F25+C25-D25 -> 2
F26: =IFERROR(__xludf.DUMMYFUNCTION("IFERROR( FILTER(#REF!, TRIM('CBK Students'!B:B) = TRIM(A26)), """" )"),"") | G26: =F26+C26-D26 -> 1
F27: =IFERROR(__xludf.DUMMYFUNCTION("IFERROR( FILTER(#REF!, TRIM('CBK Students'!B:B) = TRIM(A27)), """" )"),"") | G27: =F27+C27-D27 -> 0
F28: =IFERROR(__xludf.DUMMYFUNCTION("IFERROR( FILTER(#REF!, TRIM('CBK Students'!B:B) = TRIM(A28)), """" )"),"") | G28: =F28+C28-D28 -> 3
F29: =IFERROR(__xludf.DUMMYFUNCTION("IFERROR( FILTER(#REF!, TRIM('CBK Students'!B:B) = TRIM(A29)), """" )"),"") | G29: =F29+C29-D29 -> 1
F30: =IFERROR(__xludf.DUMMYFUNCTION("IFERROR( FILTER(#REF!, TRIM('CBK Students'!B:B) = TRIM(A30)), """" )"),"") | G30: =F30+C30-D30 -> 5
F31: =IFERROR(__xludf.DUMMYFUNCTION("IFERROR( FILTER(#REF!, TRIM('CBK Students'!B:B) = TRIM(A31)), """" )"),"") | G31: =F31+C31-D31 -> 0
F32: =IFERROR(__xludf.DUMMYFUNCTION("IFERROR( FILTER(#REF!, TRIM('CBK Students'!B:B) = TRIM(A32)), """" )"),"") | G32: =F32+C32-D32 -> 0
F33: =IFERROR(__xludf.DUMMYFUNCTION("IFERROR( FILTER(#REF!, TRIM('CBK Students'!B:B) = TRIM(A33)), """" )"),"") | G33: =F33+C33-D33 -> 0
F34: =IFERROR(__xludf.DUMMYFUNCTION("IFERROR( FILTER(#REF!, TRIM('CBK Students'!B:B) = TRIM(A34)), """" )"),"") | G34: =F34+C34-D34 -> 0
F35: =IFERROR(__xludf.DUMMYFUNCTION("IFERROR( FILTER(#REF!, TRIM('CBK Students'!B:B) = TRIM(A35)), """" )"),"") | G35: =F35+C35-D35 -> 0
F36: =IFERROR(__xludf.DUMMYFUNCTION("IFERROR( FILTER(#REF!, TRIM('CBK Students'!B:B) = TRIM(A36)), """" )"),"") | G36: =F36+C36-D36 -> 2
F37: =IFERROR(__xludf.DUMMYFUNCTION("IFERROR( FILTER(#REF!, TRIM('CBK Students'!B:B) = TRIM(A37)), """" )"),"") | G37: =F37+C37-D37 -> 1
F38: =IFERROR(__xludf.DUMMYFUNCTION("IFERROR( FILTER(#REF!, TRIM('CBK Students'!B:B) = TRIM(A38)), """" )"),"") | G38: =F38+C38-D38 -> -1
F39: =IFERROR(__xludf.DUMMYFUNCTION("IFERROR( FILTER(#REF!, TRIM('CBK Students'!B:B) = TRIM(A39)), """" )"),"") | G39: =F39+C39-D39 -> 0
F40: =IFERROR(__xludf.DUMMYFUNCTION("IFERROR( FILTER(#REF!, TRIM('CBK Students'!B:B) = TRIM(A40)), """" )"),"") | G40: =F40+C40-D40 -> 0
F41: =IFERROR(__xludf.DUMMYFUNCTION("IFERROR( FILTER(#REF!, TRIM('CBK Students'!B:B) = TRIM(A41)), """" )"),"") | G41: =F41+C41-D41 -> 1
F42: =IFERROR(__xludf.DUMMYFUNCTION("IFERROR( FILTER(#REF!, TRIM('CBK Students'!B:B) = TRIM(A42)), """" )"),"") | G42: =F42+C42-D42 -> 2
F43: =IFERROR(__xludf.DUMMYFUNCTION("IFERROR( FILTER(#REF!, TRIM('CBK Students'!B:B) = TRIM(A43)), """" )"),"") | G43: =F43+C43-D43 -> 1
F44: =IFERROR(__xludf.DUMMYFUNCTION("IFERROR( FILTER(#REF!, TRIM('CBK Students'!B:B) = TRIM(A44)), """" )"),"") | G44: =F44+C44-D44 -> 1
F45: =IFERROR(__xludf.DUMMYFUNCTION("IFERROR( FILTER(#REF!, TRIM('CBK Students'!B:B) = TRIM(A45)), """" )"),"") | G45: =F45+C45-D45 -> 1
F46: =IFERROR(__xludf.DUMMYFUNCTION("IFERROR( FILTER(#REF!, TRIM('CBK Students'!B:B) = TRIM(A46)), """" )"),"") | G46: =F46+C46-D46 -> 0
F47: =IFERROR(__xludf.DUMMYFUNCTION("IFERROR( FILTER(#REF!, TRIM('CBK Students'!B:B) = TRIM(A47)), """" )"),"") | G47: =F47+C47-D47 -> 1
F48: =IFERROR(__xludf.DUMMYFUNCTION("IFERROR( FILTER(#REF!, TRIM('CBK Students'!B:B) = TRIM(A48)), """" )"),"") | G48: =F48+C48-D48 -> -1
F49: =IFERROR(__xludf.DUMMYFUNCTION("IFERROR( FILTER(#REF!, TRIM('CBK Students'!B:B) = TRIM(A49)), """" )"),"") | G49: =F49+C49-D49 -> 0
F50: =IFERROR(__xludf.DUMMYFUNCTION("IFERROR( FILTER(#REF!, TRIM('CBK Students'!B:B) = TRIM(A50)), """" )"),"") | G50: =F50+C50-D50 -> 1
F51: =IFERROR(__xludf.DUMMYFUNCTION("IFERROR( FILTER(#REF!, TRIM('CBK Students'!B:B) = TRIM(A51)), """" )"),"") | G51: =F51+C51-D51 -> 3
F52: =IFERROR(__xludf.DUMMYFUNCTION("IFERROR( FILTER(#REF!, TRIM('CBK Students'!B:B) = TRIM(A52)), """" )"),"") | G52: =F52+C52-D52 -> 1
F53: =IFERROR(__xludf.DUMMYFUNCTION("IFERROR( FILTER(#REF!, TRIM('CBK Students'!B:B) = TRIM(A53)), """" )"),"") | G53: =F53+C53-D53 -> 2
F54: =IFERROR(__xludf.DUMMYFUNCTION("IFERROR( FILTER(#REF!, TRIM('CBK Students'!B:B) = TRIM(A54)), """" )"),"") | G54: =F54+C54-D54 -> 1
F55: =IFERROR(__xludf.DUMMYFUNCTION("IFERROR( FILTER(#REF!, TRIM('CBK Students'!B:B) = TRIM(A55)), """" )"),"") | G55: =F55+C55-D55 -> 0
F56: =IFERROR(__xludf.DUMMYFUNCTION("IFERROR( FILTER(#REF!, TRIM('CBK Students'!B:B) = TRIM(A56)), """" )"),"") | G56: =F56+C56-D56 -> 1
F57: =IFERROR(__xludf.DUMMYFUNCTION("IFERROR( FILTER(#REF!, TRIM('CBK Students'!B:B) = TRIM(A57)), """" )"),"") | G57: =F57+C57-D57 -> -1
F58: =IFERROR(__xludf.DUMMYFUNCTION("IFERROR( FILTER(#REF!, TRIM('CBK Students'!B:B) = TRIM(A58)), """" )"),"") | G58: =F58+C58-D58 -> 0
F59: =IFERROR(__xludf.DUMMYFUNCTION("IFERROR( FILTER(#REF!, TRIM('CBK Students'!B:B) = TRIM(A59)), """" )"),"") | G59: =F59+C59-D59 -> 0
F60: =IFERROR(__xludf.DUMMYFUNCTION("IFERROR( FILTER(#REF!, TRIM('CBK Students'!B:B) = TRIM(A60)), """" )"),"") | G60: =F60+C60-D60 -> 0
F61: =IFERROR(__xludf.DUMMYFUNCTION("IFERROR( FILTER(#REF!, TRIM('CBK Students'!B:B) = TRIM(A61)), """" )"),"") | G61: =F61+C61-D61 -> 0
F62: =IFERROR(__xludf.DUMMYFUNCTION("IFERROR( FILTER(#REF!, TRIM('CBK Students'!B:B) = TRIM(A62)), """" )"),"") | G62: =F62+C62-D62 -> 1
F63: =IFERROR(__xludf.DUMMYFUNCTION("IFERROR( FILTER(#REF!, TRIM('CBK Students'!B:B) = TRIM(A63)), """" )"),"") | G63: =F63+C63-D63 -> 1
F64: =IFERROR(__xludf.DUMMYFUNCTION("IFERROR( FILTER(#REF!, TRIM('CBK Students'!B:B) = TRIM(A64)), """" )"),"") | G64: =F64+C64-D64 -> 1
F65: =IFERROR(__xludf.DUMMYFUNCTION("IFERROR( FILTER(#REF!, TRIM('CBK Students'!B:B) = TRIM(A65)), """" )"),"") | G65: =F65+C65-D65 -> 0
F66: =IFERROR(__xludf.DUMMYFUNCTION("IFERROR( FILTER(#REF!, TRIM('CBK Students'!B:B) = TRIM(A66)), """" )"),"") | G66: =F66+C66-D66 -> 1
F67: =IFERROR(__xludf.DUMMYFUNCTION("IFERROR( FILTER(#REF!, TRIM('CBK Students'!B:B) = TRIM(A67)), """" )"),"") | G67: =F67+C67-D67 -> 1
F68: =IFERROR(__xludf.DUMMYFUNCTION("IFERROR( FILTER(#REF!, TRIM('CBK Students'!B:B) = TRIM(A68)), """" )"),"") | G68: =F68+C68-D68 -> 1
F69: =IFERROR(__xludf.DUMMYFUNCTION("IFERROR( FILTER(#REF!, TRIM('CBK Students'!B:B) = TRIM(A69)), """" )"),"") | G69: =F69+C69-D69 -> 2
F70: =IFERROR(__xludf.DUMMYFUNCTION("IFERROR( FILTER(#REF!, TRIM('CBK Students'!B:B) = TRIM(A70)), """" )"),"") | G70: =F70+C70-D70 -> 2
F71: =IFERROR(__xludf.DUMMYFUNCTION("IFERROR( FILTER(#REF!, TRIM('CBK Students'!B:B) = TRIM(A71)), """" )"),"") | G71: =F71+C71-D71 -> 3
F72: =IFERROR(__xludf.DUMMYFUNCTION("IFERROR( FILTER(#REF!, TRIM('CBK Students'!B:B) = TRIM(A72)), """" )"),"") | G72: =F72+C72-D72 -> 2
F73: =IFERROR(__xludf.DUMMYFUNCTION("IFERROR( FILTER(#REF!, TRIM('CBK Students'!B:B) = TRIM(A73)), """" )"),"") | G73: =F73+C73-D73 -> 1
F74: =IFERROR(__xludf.DUMMYFUNCTION("IFERROR( FILTER(#REF!, TRIM('CBK Students'!B:B) = TRIM(A74)), """" )"),"") | G74: =F74+C74-D74 -> -1
F75: =IFERROR(__xludf.DUMMYFUNCTION("IFERROR( FILTER(#REF!, TRIM('CBK Students'!B:B) = TRIM(A75)), """" )"),"") | G75: =F75+C75-D75 -> 0
F76: =IFERROR(__xludf.DUMMYFUNCTION("IFERROR( FILTER(#REF!, TRIM('CBK Students'!B:B) = TRIM(A76)), """" )"),"") | G76: =F76+C76-D76 -> 2
F77: =IFERROR(__xludf.DUMMYFUNCTION("IFERROR( FILTER(#REF!, TRIM('CBK Students'!B:B) = TRIM(A77)), """" )"),"") | G77: =F77+C77-D77 -> 0
F78: =IFERROR(__xludf.DUMMYFUNCTION("IFERROR( FILTER(#REF!, TRIM('CBK Students'!B:B) = TRIM(A78)), """" )"),"") | G78: =F78+C78-D78 -> 9
F79: =IFERROR(__xludf.DUMMYFUNCTION("IFERROR( FILTER(#REF!, TRIM('CBK Students'!B:B) = TRIM(A79)), """" )"),"") | G79: =F79+C79-D79 -> -1
F80: =IFERROR(__xludf.DUMMYFUNCTION("IFERROR( FILTER(#REF!, TRIM('CBK Students'!B:B) = TRIM(A80)), """" )"),"") | G80: =F80+C80-D80 -> 1
F81: =IFERROR(__xludf.DUMMYFUNCTION("IFERROR( FILTER(#REF!, TRIM('CBK Students'!B:B) = TRIM(A81)), """" )"),"") | G81: =F81+C81-D81 -> 1
